-- Datos de prueba para SISTEMACITASMEDICAS
USE SISTEMACITASMEDICAS;

-- INSERTS USUARIO
INSERT INTO USUARIO (CEDULA, NOMBRE, APELLIDO, EMAIL, CONTRASENA, TELEFONO, ROL, ESTADO_USUARIO) VALUES ('1000000001', 'Camila', 'Torres', 'camila.torres1@correo.com', 'pass001', '0981973902', 'P', 1);
INSERT INTO USUARIO (CEDULA, NOMBRE, APELLIDO, EMAIL, CONTRASENA, TELEFONO, ROL, ESTADO_USUARIO) VALUES ('1000000002', 'Lucía', 'López', 'lucia.lopez2@correo.com', 'pass002', '0925233130', 'P', 1);
INSERT INTO USUARIO (CEDULA, NOMBRE, APELLIDO, EMAIL, CONTRASENA, TELEFONO, ROL, ESTADO_USUARIO) VALUES ('1000000003', 'Luis', 'Ramírez', 'luis.ramirez3@correo.com', 'pass003', '0973913778', 'P', 1);
INSERT INTO USUARIO (CEDULA, NOMBRE, APELLIDO, EMAIL, CONTRASENA, TELEFONO, ROL, ESTADO_USUARIO) VALUES ('1000000004', 'Luis', 'González', 'luis.gonzalez4@correo.com', 'pass004', '0932346305', 'P', 1);
INSERT INTO USUARIO (CEDULA, NOMBRE, APELLIDO, EMAIL, CONTRASENA, TELEFONO, ROL, ESTADO_USUARIO) VALUES ('1000000005', 'Andrés', 'Torres', 'andres.torres5@correo.com', 'pass005', '0917455082', 'P', 1);
INSERT INTO USUARIO (CEDULA, NOMBRE, APELLIDO, EMAIL, CONTRASENA, TELEFONO, ROL, ESTADO_USUARIO) VALUES ('1000000006', 'Lucía', 'Torres', 'lucia.torres6@correo.com', 'pass006', '0998967683', 'P', 1);
INSERT INTO USUARIO (CEDULA, NOMBRE, APELLIDO, EMAIL, CONTRASENA, TELEFONO, ROL, ESTADO_USUARIO) VALUES ('1000000007', 'Lucía', 'López', 'lucia.lopez7@correo.com', 'pass007', '0950431227', 'P', 1);
INSERT INTO USUARIO (CEDULA, NOMBRE, APELLIDO, EMAIL, CONTRASENA, TELEFONO, ROL, ESTADO_USUARIO) VALUES ('1000000008', 'Luis', 'Castro', 'luis.castro8@correo.com', 'pass008', '0933546543', 'P', 1);
INSERT INTO USUARIO (CEDULA, NOMBRE, APELLIDO, EMAIL, CONTRASENA, TELEFONO, ROL, ESTADO_USUARIO) VALUES ('1000000009', 'Ricardo', 'Pérez', 'ricardo.perez9@correo.com', 'pass009', '0974668007', 'P', 1);
INSERT INTO USUARIO (CEDULA, NOMBRE, APELLIDO, EMAIL, CONTRASENA, TELEFONO, ROL, ESTADO_USUARIO) VALUES ('1000000010', 'Andrés', 'Sánchez', 'andres.sanchez10@correo.com', 'pass010', '0968695027', 'P', 1);
INSERT INTO USUARIO (CEDULA, NOMBRE, APELLIDO, EMAIL, CONTRASENA, TELEFONO, ROL, ESTADO_USUARIO) VALUES ('1000000011', 'Miguel', 'Martínez', 'miguel.martinez11@correo.com', 'pass011', '0986120462', 'P', 1);
INSERT INTO USUARIO (CEDULA, NOMBRE, APELLIDO, EMAIL, CONTRASENA, TELEFONO, ROL, ESTADO_USUARIO) VALUES ('1000000012', 'Daniela', 'Castro', 'daniela.castro12@correo.com', 'pass012', '0987390126', 'P', 1);
INSERT INTO USUARIO (CEDULA, NOMBRE, APELLIDO, EMAIL, CONTRASENA, TELEFONO, ROL, ESTADO_USUARIO) VALUES ('1000000013', 'Daniela', 'González', 'daniela.gonzalez13@correo.com', 'pass013', '0965787032', 'P', 1);
INSERT INTO USUARIO (CEDULA, NOMBRE, APELLIDO, EMAIL, CONTRASENA, TELEFONO, ROL, ESTADO_USUARIO) VALUES ('1000000014', 'Andrés', 'Sánchez', 'andres.sanchez14@correo.com', 'pass014', '0971642519', 'P', 1);
INSERT INTO USUARIO (CEDULA, NOMBRE, APELLIDO, EMAIL, CONTRASENA, TELEFONO, ROL, ESTADO_USUARIO) VALUES ('1000000015', 'María', 'Pérez', 'maria.perez15@correo.com', 'pass015', '0914420620', 'P', 1);
INSERT INTO USUARIO (CEDULA, NOMBRE, APELLIDO, EMAIL, CONTRASENA, TELEFONO, ROL, ESTADO_USUARIO) VALUES ('1000000016', 'Sofía', 'Martínez', 'sofia.martinez16@correo.com', 'pass016', '0985802212', 'P', 1);
INSERT INTO USUARIO (CEDULA, NOMBRE, APELLIDO, EMAIL, CONTRASENA, TELEFONO, ROL, ESTADO_USUARIO) VALUES ('1000000017', 'Juan', 'Vargas', 'juan.vargas17@correo.com', 'pass017', '0982136365', 'P', 1);
INSERT INTO USUARIO (CEDULA, NOMBRE, APELLIDO, EMAIL, CONTRASENA, TELEFONO, ROL, ESTADO_USUARIO) VALUES ('1000000018', 'Camila', 'Rodríguez', 'camila.rodriguez18@correo.com', 'pass018', '0958931396', 'P', 1);
INSERT INTO USUARIO (CEDULA, NOMBRE, APELLIDO, EMAIL, CONTRASENA, TELEFONO, ROL, ESTADO_USUARIO) VALUES ('1000000019', 'Pedro', 'Castro', 'pedro.castro19@correo.com', 'pass019', '0935395980', 'P', 1);
INSERT INTO USUARIO (CEDULA, NOMBRE, APELLIDO, EMAIL, CONTRASENA, TELEFONO, ROL, ESTADO_USUARIO) VALUES ('1000000020', 'Ricardo', 'Martínez', 'ricardo.martinez20@correo.com', 'pass020', '0973612511', 'P', 1);
INSERT INTO USUARIO (CEDULA, NOMBRE, APELLIDO, EMAIL, CONTRASENA, TELEFONO, ROL, ESTADO_USUARIO) VALUES ('1000000021', 'Sofía', 'Rodríguez', 'sofia.rodriguez21@correo.com', 'pass021', '0969027795', 'P', 1);
INSERT INTO USUARIO (CEDULA, NOMBRE, APELLIDO, EMAIL, CONTRASENA, TELEFONO, ROL, ESTADO_USUARIO) VALUES ('1000000022', 'Andrés', 'González', 'andres.gonzalez22@correo.com', 'pass022', '0997458290', 'P', 1);
INSERT INTO USUARIO (CEDULA, NOMBRE, APELLIDO, EMAIL, CONTRASENA, TELEFONO, ROL, ESTADO_USUARIO) VALUES ('1000000023', 'Andrés', 'Castro', 'andres.castro23@correo.com', 'pass023', '0919615621', 'P', 1);
INSERT INTO USUARIO (CEDULA, NOMBRE, APELLIDO, EMAIL, CONTRASENA, TELEFONO, ROL, ESTADO_USUARIO) VALUES ('1000000024', 'Andrés', 'Pérez', 'andres.perez24@correo.com', 'pass024', '0937615531', 'P', 1);
INSERT INTO USUARIO (CEDULA, NOMBRE, APELLIDO, EMAIL, CONTRASENA, TELEFONO, ROL, ESTADO_USUARIO) VALUES ('1000000025', 'Paula', 'González', 'paula.gonzalez25@correo.com', 'pass025', '0988600729', 'P', 1);
INSERT INTO USUARIO (CEDULA, NOMBRE, APELLIDO, EMAIL, CONTRASENA, TELEFONO, ROL, ESTADO_USUARIO) VALUES ('1000000026', 'Juan', 'Ramírez', 'juan.ramirez26@correo.com', 'pass026', '0915874898', 'P', 1);
INSERT INTO USUARIO (CEDULA, NOMBRE, APELLIDO, EMAIL, CONTRASENA, TELEFONO, ROL, ESTADO_USUARIO) VALUES ('1000000027', 'Valeria', 'González', 'valeria.gonzalez27@correo.com', 'pass027', '0985738581', 'P', 1);
INSERT INTO USUARIO (CEDULA, NOMBRE, APELLIDO, EMAIL, CONTRASENA, TELEFONO, ROL, ESTADO_USUARIO) VALUES ('1000000028', 'Paula', 'Vargas', 'paula.vargas28@correo.com', 'pass028', '0912293523', 'P', 1);
INSERT INTO USUARIO (CEDULA, NOMBRE, APELLIDO, EMAIL, CONTRASENA, TELEFONO, ROL, ESTADO_USUARIO) VALUES ('1000000029', 'Lucía', 'Rodríguez', 'lucia.rodriguez29@correo.com', 'pass029', '0919407932', 'P', 1);
INSERT INTO USUARIO (CEDULA, NOMBRE, APELLIDO, EMAIL, CONTRASENA, TELEFONO, ROL, ESTADO_USUARIO) VALUES ('1000000030', 'Laura', 'Pérez', 'laura.perez30@correo.com', 'pass030', '0914213858', 'P', 1);
INSERT INTO USUARIO (CEDULA, NOMBRE, APELLIDO, EMAIL, CONTRASENA, TELEFONO, ROL, ESTADO_USUARIO) VALUES ('1000000031', 'Ricardo', 'García', 'ricardo.garcia31@correo.com', 'pass031', '0924837872', 'P', 1);
INSERT INTO USUARIO (CEDULA, NOMBRE, APELLIDO, EMAIL, CONTRASENA, TELEFONO, ROL, ESTADO_USUARIO) VALUES ('1000000032', 'Carlos', 'Ramírez', 'carlos.ramirez32@correo.com', 'pass032', '0992171838', 'P', 1);
INSERT INTO USUARIO (CEDULA, NOMBRE, APELLIDO, EMAIL, CONTRASENA, TELEFONO, ROL, ESTADO_USUARIO) VALUES ('1000000033', 'Diego', 'González', 'diego.gonzalez33@correo.com', 'pass033', '0946811479', 'P', 1);
INSERT INTO USUARIO (CEDULA, NOMBRE, APELLIDO, EMAIL, CONTRASENA, TELEFONO, ROL, ESTADO_USUARIO) VALUES ('1000000034', 'María', 'López', 'maria.lopez34@correo.com', 'pass034', '0954048729', 'P', 1);
INSERT INTO USUARIO (CEDULA, NOMBRE, APELLIDO, EMAIL, CONTRASENA, TELEFONO, ROL, ESTADO_USUARIO) VALUES ('1000000035', 'Daniela', 'Ramírez', 'daniela.ramirez35@correo.com', 'pass035', '0999555374', 'P', 1);
INSERT INTO USUARIO (CEDULA, NOMBRE, APELLIDO, EMAIL, CONTRASENA, TELEFONO, ROL, ESTADO_USUARIO) VALUES ('1000000036', 'María', 'Ramírez', 'maria.ramirez36@correo.com', 'pass036', '0994480365', 'D', 1);
INSERT INTO USUARIO (CEDULA, NOMBRE, APELLIDO, EMAIL, CONTRASENA, TELEFONO, ROL, ESTADO_USUARIO) VALUES ('1000000037', 'Jorge', 'Sánchez', 'jorge.sanchez37@correo.com', 'pass037', '0933756885', 'D', 1);
INSERT INTO USUARIO (CEDULA, NOMBRE, APELLIDO, EMAIL, CONTRASENA, TELEFONO, ROL, ESTADO_USUARIO) VALUES ('1000000038', 'Andrés', 'García', 'andres.garcia38@correo.com', 'pass038', '0944811236', 'D', 1);
INSERT INTO USUARIO (CEDULA, NOMBRE, APELLIDO, EMAIL, CONTRASENA, TELEFONO, ROL, ESTADO_USUARIO) VALUES ('1000000039', 'Andrés', 'Rodríguez', 'andres.rodriguez39@correo.com', 'pass039', '0913000140', 'D', 1);
INSERT INTO USUARIO (CEDULA, NOMBRE, APELLIDO, EMAIL, CONTRASENA, TELEFONO, ROL, ESTADO_USUARIO) VALUES ('1000000040', 'Paula', 'Ramírez', 'paula.ramirez40@correo.com', 'pass040', '0983143993', 'D', 1);
INSERT INTO USUARIO (CEDULA, NOMBRE, APELLIDO, EMAIL, CONTRASENA, TELEFONO, ROL, ESTADO_USUARIO) VALUES ('1000000041', 'Ana', 'Vargas', 'ana.vargas41@correo.com', 'pass041', '0993033310', 'D', 1);
INSERT INTO USUARIO (CEDULA, NOMBRE, APELLIDO, EMAIL, CONTRASENA, TELEFONO, ROL, ESTADO_USUARIO) VALUES ('1000000042', 'Luis', 'Sánchez', 'luis.sanchez42@correo.com', 'pass042', '0998897857', 'D', 1);
INSERT INTO USUARIO (CEDULA, NOMBRE, APELLIDO, EMAIL, CONTRASENA, TELEFONO, ROL, ESTADO_USUARIO) VALUES ('1000000043', 'Paula', 'Flores', 'paula.flores43@correo.com', 'pass043', '0920963976', 'D', 1);
INSERT INTO USUARIO (CEDULA, NOMBRE, APELLIDO, EMAIL, CONTRASENA, TELEFONO, ROL, ESTADO_USUARIO) VALUES ('1000000044', 'Laura', 'Ramírez', 'laura.ramirez44@correo.com', 'pass044', '0926693796', 'D', 1);
INSERT INTO USUARIO (CEDULA, NOMBRE, APELLIDO, EMAIL, CONTRASENA, TELEFONO, ROL, ESTADO_USUARIO) VALUES ('1000000045', 'Carlos', 'Rodríguez', 'carlos.rodriguez45@correo.com', 'pass045', '0993718343', 'D', 1);
INSERT INTO USUARIO (CEDULA, NOMBRE, APELLIDO, EMAIL, CONTRASENA, TELEFONO, ROL, ESTADO_USUARIO) VALUES ('1000000046', 'Carlos', 'Rodríguez', 'carlos.rodriguez46@correo.com', 'pass046', '0959013023', 'O', 1);
INSERT INTO USUARIO (CEDULA, NOMBRE, APELLIDO, EMAIL, CONTRASENA, TELEFONO, ROL, ESTADO_USUARIO) VALUES ('1000000047', 'Carlos', 'Castro', 'carlos.castro47@correo.com', 'pass047', '0934056479', 'O', 1);
INSERT INTO USUARIO (CEDULA, NOMBRE, APELLIDO, EMAIL, CONTRASENA, TELEFONO, ROL, ESTADO_USUARIO) VALUES ('1000000048', 'Sofía', 'Ramírez', 'sofia.ramirez48@correo.com', 'pass048', '0979049329', 'O', 1);
INSERT INTO USUARIO (CEDULA, NOMBRE, APELLIDO, EMAIL, CONTRASENA, TELEFONO, ROL, ESTADO_USUARIO) VALUES ('1000000049', 'Pedro', 'Vargas', 'pedro.vargas49@correo.com', 'pass049', '0976280766', 'O', 1);
INSERT INTO USUARIO (CEDULA, NOMBRE, APELLIDO, EMAIL, CONTRASENA, TELEFONO, ROL, ESTADO_USUARIO) VALUES ('1000000050', 'Pedro', 'Ramírez', 'pedro.ramirez50@correo.com', 'pass050', '0954849178', 'O', 1);
INSERT INTO USUARIO (CEDULA, NOMBRE, APELLIDO, EMAIL, CONTRASENA, TELEFONO, ROL, ESTADO_USUARIO) VALUES ('1000000051', 'Jorge', 'García', 'jorge.garcia51@correo.com', 'pass051', '0916714362', 'O', 0);
INSERT INTO USUARIO (CEDULA, NOMBRE, APELLIDO, EMAIL, CONTRASENA, TELEFONO, ROL, ESTADO_USUARIO) VALUES ('1000000052', 'Valeria', 'Martínez', 'valeria.martinez52@correo.com', 'pass052', '0970045917', 'O', 1);
INSERT INTO USUARIO (CEDULA, NOMBRE, APELLIDO, EMAIL, CONTRASENA, TELEFONO, ROL, ESTADO_USUARIO) VALUES ('1000000053', 'Paula', 'Castro', 'paula.castro53@correo.com', 'pass053', '0962423541', 'O', 1);
INSERT INTO USUARIO (CEDULA, NOMBRE, APELLIDO, EMAIL, CONTRASENA, TELEFONO, ROL, ESTADO_USUARIO) VALUES ('1000000054', 'Juan', 'Pérez', 'juan.perez54@correo.com', 'pass054', '0980270611', 'O', 1);
INSERT INTO USUARIO (CEDULA, NOMBRE, APELLIDO, EMAIL, CONTRASENA, TELEFONO, ROL, ESTADO_USUARIO) VALUES ('1000000055', 'Miguel', 'Sánchez', 'miguel.sanchez55@correo.com', 'pass055', '0910886166', 'O', 1);
INSERT INTO USUARIO (CEDULA, NOMBRE, APELLIDO, EMAIL, CONTRASENA, TELEFONO, ROL, ESTADO_USUARIO) VALUES ('1000000056', 'Daniela', 'López', 'daniela.lopez56@correo.com', 'pass056', '0914436867', 'O', 1);
INSERT INTO USUARIO (CEDULA, NOMBRE, APELLIDO, EMAIL, CONTRASENA, TELEFONO, ROL, ESTADO_USUARIO) VALUES ('1000000057', 'Ana', 'Castro', 'ana.castro57@correo.com', 'pass057', '0999192464', 'O', 0);
INSERT INTO USUARIO (CEDULA, NOMBRE, APELLIDO, EMAIL, CONTRASENA, TELEFONO, ROL, ESTADO_USUARIO) VALUES ('1000000058', 'Jorge', 'Pérez', 'jorge.perez58@correo.com', 'pass058', '0910295976', 'O', 1);
INSERT INTO USUARIO (CEDULA, NOMBRE, APELLIDO, EMAIL, CONTRASENA, TELEFONO, ROL, ESTADO_USUARIO) VALUES ('1000000059', 'Carlos', 'Torres', 'carlos.torres59@correo.com', 'pass059', '0975543171', 'O', 1);
INSERT INTO USUARIO (CEDULA, NOMBRE, APELLIDO, EMAIL, CONTRASENA, TELEFONO, ROL, ESTADO_USUARIO) VALUES ('1000000060', 'Ana', 'López', 'ana.lopez60@correo.com', 'pass060', '0967489088', 'O', 1);

-- INSERTS PACIENTE
INSERT INTO PACIENTE (ID_USUARIO, SEXO, DIRECCION, FECHA_NACIMIENTO, GRUPO_SANGUINEO, PESO, ALTURA) VALUES (1, 'F', 'Calle 28 Nro 143', '1986-09-11', 'O-', 73.24, 1.72);
INSERT INTO PACIENTE (ID_USUARIO, SEXO, DIRECCION, FECHA_NACIMIENTO, GRUPO_SANGUINEO, PESO, ALTURA) VALUES (2, 'M', 'Calle 44 Nro 167', '1993-03-25', 'O-', 53.6, 1.58);
INSERT INTO PACIENTE (ID_USUARIO, SEXO, DIRECCION, FECHA_NACIMIENTO, GRUPO_SANGUINEO, PESO, ALTURA) VALUES (3, 'O', 'Calle 37 Nro 293', '1985-04-18', 'A+', 67.32, 1.84);
INSERT INTO PACIENTE (ID_USUARIO, SEXO, DIRECCION, FECHA_NACIMIENTO, GRUPO_SANGUINEO, PESO, ALTURA) VALUES (4, 'M', 'Calle 10 Nro 175', '1965-12-02', 'A+', 78.57, 1.89);
INSERT INTO PACIENTE (ID_USUARIO, SEXO, DIRECCION, FECHA_NACIMIENTO, GRUPO_SANGUINEO, PESO, ALTURA) VALUES (5, 'M', 'Calle 43 Nro 274', '2004-09-07', 'O-', 87.11, 1.82);
INSERT INTO PACIENTE (ID_USUARIO, SEXO, DIRECCION, FECHA_NACIMIENTO, GRUPO_SANGUINEO, PESO, ALTURA) VALUES (6, 'M', 'Calle 12 Nro 181', '2006-11-09', 'A+', 80.95, 1.7);
INSERT INTO PACIENTE (ID_USUARIO, SEXO, DIRECCION, FECHA_NACIMIENTO, GRUPO_SANGUINEO, PESO, ALTURA) VALUES (7, 'O', 'Calle 23 Nro 10', '1966-11-01', 'O+', 89.89, 1.75);
INSERT INTO PACIENTE (ID_USUARIO, SEXO, DIRECCION, FECHA_NACIMIENTO, GRUPO_SANGUINEO, PESO, ALTURA) VALUES (8, 'F', 'Calle 46 Nro 61', '1960-05-14', 'O+', 52.97, 1.85);
INSERT INTO PACIENTE (ID_USUARIO, SEXO, DIRECCION, FECHA_NACIMIENTO, GRUPO_SANGUINEO, PESO, ALTURA) VALUES (9, 'F', 'Calle 12 Nro 235', '1972-02-20', 'AB-', 77.8, 1.7);
INSERT INTO PACIENTE (ID_USUARIO, SEXO, DIRECCION, FECHA_NACIMIENTO, GRUPO_SANGUINEO, PESO, ALTURA) VALUES (10, 'M', 'Calle 29 Nro 154', '2010-08-15', 'A-', 81.68, 1.63);
INSERT INTO PACIENTE (ID_USUARIO, SEXO, DIRECCION, FECHA_NACIMIENTO, GRUPO_SANGUINEO, PESO, ALTURA) VALUES (11, 'M', 'Calle 46 Nro 15', '1999-06-19', 'O-', 72.27, 1.78);
INSERT INTO PACIENTE (ID_USUARIO, SEXO, DIRECCION, FECHA_NACIMIENTO, GRUPO_SANGUINEO, PESO, ALTURA) VALUES (12, 'F', 'Calle 35 Nro 233', '1997-06-15', 'B-', 87.25, 1.62);
INSERT INTO PACIENTE (ID_USUARIO, SEXO, DIRECCION, FECHA_NACIMIENTO, GRUPO_SANGUINEO, PESO, ALTURA) VALUES (13, 'O', 'Calle 1 Nro 105', '1968-04-28', 'B-', 50.16, 1.52);
INSERT INTO PACIENTE (ID_USUARIO, SEXO, DIRECCION, FECHA_NACIMIENTO, GRUPO_SANGUINEO, PESO, ALTURA) VALUES (14, 'M', 'Calle 25 Nro 107', '1999-08-18', 'AB+', 62.73, 1.76);
INSERT INTO PACIENTE (ID_USUARIO, SEXO, DIRECCION, FECHA_NACIMIENTO, GRUPO_SANGUINEO, PESO, ALTURA) VALUES (15, 'M', 'Calle 16 Nro 243', '2003-02-09', 'B-', 74.81, 1.54);
INSERT INTO PACIENTE (ID_USUARIO, SEXO, DIRECCION, FECHA_NACIMIENTO, GRUPO_SANGUINEO, PESO, ALTURA) VALUES (16, 'M', 'Calle 35 Nro 110', '1996-05-03', 'O+', 53.09, 1.79);
INSERT INTO PACIENTE (ID_USUARIO, SEXO, DIRECCION, FECHA_NACIMIENTO, GRUPO_SANGUINEO, PESO, ALTURA) VALUES (17, 'O', 'Calle 32 Nro 299', '2010-08-16', 'B-', 54.01, 1.65);
INSERT INTO PACIENTE (ID_USUARIO, SEXO, DIRECCION, FECHA_NACIMIENTO, GRUPO_SANGUINEO, PESO, ALTURA) VALUES (18, 'O', 'Calle 33 Nro 209', '1982-11-30', 'A+', 91.11, 1.8);
INSERT INTO PACIENTE (ID_USUARIO, SEXO, DIRECCION, FECHA_NACIMIENTO, GRUPO_SANGUINEO, PESO, ALTURA) VALUES (19, 'O', 'Calle 26 Nro 112', '1991-12-30', 'B-', 93.85, 1.78);
INSERT INTO PACIENTE (ID_USUARIO, SEXO, DIRECCION, FECHA_NACIMIENTO, GRUPO_SANGUINEO, PESO, ALTURA) VALUES (20, 'F', 'Calle 26 Nro 63', '1971-02-01', 'O-', 76.76, 1.87);
INSERT INTO PACIENTE (ID_USUARIO, SEXO, DIRECCION, FECHA_NACIMIENTO, GRUPO_SANGUINEO, PESO, ALTURA) VALUES (21, 'O', 'Calle 27 Nro 81', '1976-05-05', 'A+', 64.37, 1.9);
INSERT INTO PACIENTE (ID_USUARIO, SEXO, DIRECCION, FECHA_NACIMIENTO, GRUPO_SANGUINEO, PESO, ALTURA) VALUES (22, 'O', 'Calle 18 Nro 54', '1970-02-16', 'B+', 85.22, 1.74);
INSERT INTO PACIENTE (ID_USUARIO, SEXO, DIRECCION, FECHA_NACIMIENTO, GRUPO_SANGUINEO, PESO, ALTURA) VALUES (23, 'O', 'Calle 2 Nro 1', '1973-12-28', 'AB+', 67.63, 1.61);
INSERT INTO PACIENTE (ID_USUARIO, SEXO, DIRECCION, FECHA_NACIMIENTO, GRUPO_SANGUINEO, PESO, ALTURA) VALUES (24, 'M', 'Calle 34 Nro 237', '1960-04-12', 'O+', 73.14, 1.68);
INSERT INTO PACIENTE (ID_USUARIO, SEXO, DIRECCION, FECHA_NACIMIENTO, GRUPO_SANGUINEO, PESO, ALTURA) VALUES (25, 'O', 'Calle 8 Nro 2', '1971-06-10', 'O-', 54.1, 1.56);
INSERT INTO PACIENTE (ID_USUARIO, SEXO, DIRECCION, FECHA_NACIMIENTO, GRUPO_SANGUINEO, PESO, ALTURA) VALUES (26, 'M', 'Calle 27 Nro 219', '2008-08-31', 'AB+', 52.61, 1.64);
INSERT INTO PACIENTE (ID_USUARIO, SEXO, DIRECCION, FECHA_NACIMIENTO, GRUPO_SANGUINEO, PESO, ALTURA) VALUES (27, 'M', 'Calle 9 Nro 25', '1998-01-18', 'AB-', 86.33, 1.85);
INSERT INTO PACIENTE (ID_USUARIO, SEXO, DIRECCION, FECHA_NACIMIENTO, GRUPO_SANGUINEO, PESO, ALTURA) VALUES (28, 'F', 'Calle 46 Nro 293', '2009-07-29', 'B+', 60.14, 1.6);
INSERT INTO PACIENTE (ID_USUARIO, SEXO, DIRECCION, FECHA_NACIMIENTO, GRUPO_SANGUINEO, PESO, ALTURA) VALUES (29, 'F', 'Calle 24 Nro 62', '1998-02-11', 'O-', 89.57, 1.66);
INSERT INTO PACIENTE (ID_USUARIO, SEXO, DIRECCION, FECHA_NACIMIENTO, GRUPO_SANGUINEO, PESO, ALTURA) VALUES (30, 'M', 'Calle 48 Nro 43', '1989-03-19', 'B-', 58.21, 1.66);
INSERT INTO PACIENTE (ID_USUARIO, SEXO, DIRECCION, FECHA_NACIMIENTO, GRUPO_SANGUINEO, PESO, ALTURA) VALUES (31, 'O', 'Calle 1 Nro 170', '1999-05-24', 'B+', 70.39, 1.61);
INSERT INTO PACIENTE (ID_USUARIO, SEXO, DIRECCION, FECHA_NACIMIENTO, GRUPO_SANGUINEO, PESO, ALTURA) VALUES (32, 'F', 'Calle 34 Nro 113', '1977-08-14', 'O+', 92.48, 1.56);
INSERT INTO PACIENTE (ID_USUARIO, SEXO, DIRECCION, FECHA_NACIMIENTO, GRUPO_SANGUINEO, PESO, ALTURA) VALUES (33, 'O', 'Calle 19 Nro 58', '1992-07-05', 'O-', 51.13, 1.89);
INSERT INTO PACIENTE (ID_USUARIO, SEXO, DIRECCION, FECHA_NACIMIENTO, GRUPO_SANGUINEO, PESO, ALTURA) VALUES (34, 'M', 'Calle 6 Nro 196', '1990-11-06', 'O+', 78.02, 1.61);
INSERT INTO PACIENTE (ID_USUARIO, SEXO, DIRECCION, FECHA_NACIMIENTO, GRUPO_SANGUINEO, PESO, ALTURA) VALUES (35, 'F', 'Calle 1 Nro 130', '1987-12-01', 'B-', 87.2, 1.84);

-- INSERTS DOCTOR
INSERT INTO DOCTOR (ID_USUARIO, ESPECIALIDAD, FECHA_CONTRATO) VALUES (36, 'Pediatría', '2019-01-28');
INSERT INTO DOCTOR (ID_USUARIO, ESPECIALIDAD, FECHA_CONTRATO) VALUES (37, 'Oftalmología', '2023-06-11');
INSERT INTO DOCTOR (ID_USUARIO, ESPECIALIDAD, FECHA_CONTRATO) VALUES (38, 'Dermatología', '2013-05-16');
INSERT INTO DOCTOR (ID_USUARIO, ESPECIALIDAD, FECHA_CONTRATO) VALUES (39, 'Neurología', '2020-08-13');
INSERT INTO DOCTOR (ID_USUARIO, ESPECIALIDAD, FECHA_CONTRATO) VALUES (40, 'Endocrinología', '2011-04-15');
INSERT INTO DOCTOR (ID_USUARIO, ESPECIALIDAD, FECHA_CONTRATO) VALUES (41, 'Dermatología', '2016-12-23');
INSERT INTO DOCTOR (ID_USUARIO, ESPECIALIDAD, FECHA_CONTRATO) VALUES (42, 'Medicina General', '2018-11-11');
INSERT INTO DOCTOR (ID_USUARIO, ESPECIALIDAD, FECHA_CONTRATO) VALUES (43, 'Cardiología', '2024-03-03');
INSERT INTO DOCTOR (ID_USUARIO, ESPECIALIDAD, FECHA_CONTRATO) VALUES (44, 'Oftalmología', '2021-04-20');
INSERT INTO DOCTOR (ID_USUARIO, ESPECIALIDAD, FECHA_CONTRATO) VALUES (45, 'Endocrinología', '2019-05-03');

-- INSERTS HISTORIA_CLINICA
INSERT INTO HISTORIA_CLINICA (ID_PACIENTE, FECHA_INICIO_HISTORIA) VALUES (1, '2024-11-10');
INSERT INTO HISTORIA_CLINICA (ID_PACIENTE, FECHA_INICIO_HISTORIA) VALUES (2, '2022-08-27');
INSERT INTO HISTORIA_CLINICA (ID_PACIENTE, FECHA_INICIO_HISTORIA) VALUES (3, '2024-05-08');
INSERT INTO HISTORIA_CLINICA (ID_PACIENTE, FECHA_INICIO_HISTORIA) VALUES (4, '2020-10-06');
INSERT INTO HISTORIA_CLINICA (ID_PACIENTE, FECHA_INICIO_HISTORIA) VALUES (5, '2022-09-24');
INSERT INTO HISTORIA_CLINICA (ID_PACIENTE, FECHA_INICIO_HISTORIA) VALUES (6, '2023-06-14');
INSERT INTO HISTORIA_CLINICA (ID_PACIENTE, FECHA_INICIO_HISTORIA) VALUES (7, '2020-11-24');
INSERT INTO HISTORIA_CLINICA (ID_PACIENTE, FECHA_INICIO_HISTORIA) VALUES (8, '2023-04-26');
INSERT INTO HISTORIA_CLINICA (ID_PACIENTE, FECHA_INICIO_HISTORIA) VALUES (9, '2024-07-06');
INSERT INTO HISTORIA_CLINICA (ID_PACIENTE, FECHA_INICIO_HISTORIA) VALUES (10, '2020-07-26');
INSERT INTO HISTORIA_CLINICA (ID_PACIENTE, FECHA_INICIO_HISTORIA) VALUES (11, '2022-08-09');
INSERT INTO HISTORIA_CLINICA (ID_PACIENTE, FECHA_INICIO_HISTORIA) VALUES (12, '2020-10-05');
INSERT INTO HISTORIA_CLINICA (ID_PACIENTE, FECHA_INICIO_HISTORIA) VALUES (13, '2021-02-17');
INSERT INTO HISTORIA_CLINICA (ID_PACIENTE, FECHA_INICIO_HISTORIA) VALUES (14, '2023-08-31');
INSERT INTO HISTORIA_CLINICA (ID_PACIENTE, FECHA_INICIO_HISTORIA) VALUES (15, '2021-11-11');
INSERT INTO HISTORIA_CLINICA (ID_PACIENTE, FECHA_INICIO_HISTORIA) VALUES (16, '2023-10-10');
INSERT INTO HISTORIA_CLINICA (ID_PACIENTE, FECHA_INICIO_HISTORIA) VALUES (17, '2024-03-25');
INSERT INTO HISTORIA_CLINICA (ID_PACIENTE, FECHA_INICIO_HISTORIA) VALUES (18, '2021-07-30');
INSERT INTO HISTORIA_CLINICA (ID_PACIENTE, FECHA_INICIO_HISTORIA) VALUES (19, '2020-03-21');
INSERT INTO HISTORIA_CLINICA (ID_PACIENTE, FECHA_INICIO_HISTORIA) VALUES (20, '2022-01-03');
INSERT INTO HISTORIA_CLINICA (ID_PACIENTE, FECHA_INICIO_HISTORIA) VALUES (21, '2023-01-18');
INSERT INTO HISTORIA_CLINICA (ID_PACIENTE, FECHA_INICIO_HISTORIA) VALUES (22, '2020-02-04');
INSERT INTO HISTORIA_CLINICA (ID_PACIENTE, FECHA_INICIO_HISTORIA) VALUES (23, '2021-09-18');
INSERT INTO HISTORIA_CLINICA (ID_PACIENTE, FECHA_INICIO_HISTORIA) VALUES (24, '2020-01-30');
INSERT INTO HISTORIA_CLINICA (ID_PACIENTE, FECHA_INICIO_HISTORIA) VALUES (25, '2022-05-30');
INSERT INTO HISTORIA_CLINICA (ID_PACIENTE, FECHA_INICIO_HISTORIA) VALUES (26, '2024-05-30');
INSERT INTO HISTORIA_CLINICA (ID_PACIENTE, FECHA_INICIO_HISTORIA) VALUES (27, '2022-01-09');
INSERT INTO HISTORIA_CLINICA (ID_PACIENTE, FECHA_INICIO_HISTORIA) VALUES (28, '2024-09-25');
INSERT INTO HISTORIA_CLINICA (ID_PACIENTE, FECHA_INICIO_HISTORIA) VALUES (29, '2022-07-04');
INSERT INTO HISTORIA_CLINICA (ID_PACIENTE, FECHA_INICIO_HISTORIA) VALUES (30, '2024-08-24');
INSERT INTO HISTORIA_CLINICA (ID_PACIENTE, FECHA_INICIO_HISTORIA) VALUES (31, '2021-11-23');
INSERT INTO HISTORIA_CLINICA (ID_PACIENTE, FECHA_INICIO_HISTORIA) VALUES (32, '2024-08-21');
INSERT INTO HISTORIA_CLINICA (ID_PACIENTE, FECHA_INICIO_HISTORIA) VALUES (33, '2022-03-05');
INSERT INTO HISTORIA_CLINICA (ID_PACIENTE, FECHA_INICIO_HISTORIA) VALUES (34, '2022-03-01');
INSERT INTO HISTORIA_CLINICA (ID_PACIENTE, FECHA_INICIO_HISTORIA) VALUES (35, '2024-09-07');

-- INSERTS MEDICAMENTO
INSERT INTO MEDICAMENTO (NOMBRE_MEDICAMENTO, EMPRESA, PRESENTACION) VALUES ('Paracetamol', 'Pfizer', 'Tableta 50 mg');
INSERT INTO MEDICAMENTO (NOMBRE_MEDICAMENTO, EMPRESA, PRESENTACION) VALUES ('Ibuprofeno', 'Pfizer', 'Jarabe 100 ml');
INSERT INTO MEDICAMENTO (NOMBRE_MEDICAMENTO, EMPRESA, PRESENTACION) VALUES ('Amoxicilina', 'Bayer', 'Cápsula 250 mg');
INSERT INTO MEDICAMENTO (NOMBRE_MEDICAMENTO, EMPRESA, PRESENTACION) VALUES ('Omeprazol', 'Genfar', 'Gotas orales');
INSERT INTO MEDICAMENTO (NOMBRE_MEDICAMENTO, EMPRESA, PRESENTACION) VALUES ('Metformina', 'Pfizer', 'Tableta 50 mg');
INSERT INTO MEDICAMENTO (NOMBRE_MEDICAMENTO, EMPRESA, PRESENTACION) VALUES ('Losartán', 'Roche', 'Jarabe 100 ml');
INSERT INTO MEDICAMENTO (NOMBRE_MEDICAMENTO, EMPRESA, PRESENTACION) VALUES ('Atorvastatina', 'Novartis', 'Solución inyectable');
INSERT INTO MEDICAMENTO (NOMBRE_MEDICAMENTO, EMPRESA, PRESENTACION) VALUES ('Simvastatina', 'Pfizer', 'Tableta 100 mg');
INSERT INTO MEDICAMENTO (NOMBRE_MEDICAMENTO, EMPRESA, PRESENTACION) VALUES ('Aspirina', 'Genfar', 'Suspensión oral');
INSERT INTO MEDICAMENTO (NOMBRE_MEDICAMENTO, EMPRESA, PRESENTACION) VALUES ('Diclofenaco', 'Genfar', 'Tableta 100 mg');
INSERT INTO MEDICAMENTO (NOMBRE_MEDICAMENTO, EMPRESA, PRESENTACION) VALUES ('Naproxeno', 'Bayer', 'Tableta 500 mg');
INSERT INTO MEDICAMENTO (NOMBRE_MEDICAMENTO, EMPRESA, PRESENTACION) VALUES ('Salbutamol', 'Roche', 'Cápsula 250 mg');
INSERT INTO MEDICAMENTO (NOMBRE_MEDICAMENTO, EMPRESA, PRESENTACION) VALUES ('Prednisona', 'Novartis', 'Solución inyectable');
INSERT INTO MEDICAMENTO (NOMBRE_MEDICAMENTO, EMPRESA, PRESENTACION) VALUES ('Ciprofloxacino', 'Genérico', 'Solución inyectable');
INSERT INTO MEDICAMENTO (NOMBRE_MEDICAMENTO, EMPRESA, PRESENTACION) VALUES ('Azitromicina', 'Bayer', 'Tableta 100 mg');
INSERT INTO MEDICAMENTO (NOMBRE_MEDICAMENTO, EMPRESA, PRESENTACION) VALUES ('Claritromicina', 'Genfar', 'Gotas orales');
INSERT INTO MEDICAMENTO (NOMBRE_MEDICAMENTO, EMPRESA, PRESENTACION) VALUES ('Enalapril', 'Bayer', 'Jarabe 100 ml');
INSERT INTO MEDICAMENTO (NOMBRE_MEDICAMENTO, EMPRESA, PRESENTACION) VALUES ('Furosemida', 'Genfar', 'Gotas orales');
INSERT INTO MEDICAMENTO (NOMBRE_MEDICAMENTO, EMPRESA, PRESENTACION) VALUES ('Hidroclorotiazida', 'Pfizer', 'Jarabe 100 ml');
INSERT INTO MEDICAMENTO (NOMBRE_MEDICAMENTO, EMPRESA, PRESENTACION) VALUES ('Levotiroxina', 'Bayer', 'Tableta 100 mg');
INSERT INTO MEDICAMENTO (NOMBRE_MEDICAMENTO, EMPRESA, PRESENTACION) VALUES ('Insulina NPH', 'Novartis', 'Cápsula 250 mg');
INSERT INTO MEDICAMENTO (NOMBRE_MEDICAMENTO, EMPRESA, PRESENTACION) VALUES ('Insulina Glargina', 'Pfizer', 'Tableta 500 mg');
INSERT INTO MEDICAMENTO (NOMBRE_MEDICAMENTO, EMPRESA, PRESENTACION) VALUES ('Vitamina D', 'Novartis', 'Tableta 500 mg');
INSERT INTO MEDICAMENTO (NOMBRE_MEDICAMENTO, EMPRESA, PRESENTACION) VALUES ('Vitamina B12', 'Roche', 'Tableta 500 mg');
INSERT INTO MEDICAMENTO (NOMBRE_MEDICAMENTO, EMPRESA, PRESENTACION) VALUES ('Loratadina', 'Pfizer', 'Solución inyectable');
INSERT INTO MEDICAMENTO (NOMBRE_MEDICAMENTO, EMPRESA, PRESENTACION) VALUES ('Cetirizina', 'Genfar', 'Cápsula 250 mg');
INSERT INTO MEDICAMENTO (NOMBRE_MEDICAMENTO, EMPRESA, PRESENTACION) VALUES ('Ranitidina', 'Novartis', 'Suspensión oral');
INSERT INTO MEDICAMENTO (NOMBRE_MEDICAMENTO, EMPRESA, PRESENTACION) VALUES ('Lansoprazol', 'Novartis', 'Solución inyectable');
INSERT INTO MEDICAMENTO (NOMBRE_MEDICAMENTO, EMPRESA, PRESENTACION) VALUES ('Esomeprazol', 'Roche', 'Tableta 100 mg');
INSERT INTO MEDICAMENTO (NOMBRE_MEDICAMENTO, EMPRESA, PRESENTACION) VALUES ('Clopidogrel', 'Roche', 'Jarabe 100 ml');
INSERT INTO MEDICAMENTO (NOMBRE_MEDICAMENTO, EMPRESA, PRESENTACION) VALUES ('Metoprolol', 'Bayer', 'Tableta 500 mg');
INSERT INTO MEDICAMENTO (NOMBRE_MEDICAMENTO, EMPRESA, PRESENTACION) VALUES ('Propranolol', 'Roche', 'Solución inyectable');
INSERT INTO MEDICAMENTO (NOMBRE_MEDICAMENTO, EMPRESA, PRESENTACION) VALUES ('Alprazolam', 'Genérico', 'Cápsula 250 mg');
INSERT INTO MEDICAMENTO (NOMBRE_MEDICAMENTO, EMPRESA, PRESENTACION) VALUES ('Diazepam', 'Novartis', 'Tableta 500 mg');
INSERT INTO MEDICAMENTO (NOMBRE_MEDICAMENTO, EMPRESA, PRESENTACION) VALUES ('Sertralina', 'Bayer', 'Tableta 50 mg');
INSERT INTO MEDICAMENTO (NOMBRE_MEDICAMENTO, EMPRESA, PRESENTACION) VALUES ('Fluoxetina', 'Genérico', 'Cápsula 250 mg');
INSERT INTO MEDICAMENTO (NOMBRE_MEDICAMENTO, EMPRESA, PRESENTACION) VALUES ('Escitalopram', 'Bayer', 'Suspensión oral');
INSERT INTO MEDICAMENTO (NOMBRE_MEDICAMENTO, EMPRESA, PRESENTACION) VALUES ('Quetiapina', 'Novartis', 'Tableta 100 mg');
INSERT INTO MEDICAMENTO (NOMBRE_MEDICAMENTO, EMPRESA, PRESENTACION) VALUES ('Olanzapina', 'Genérico', 'Cápsula 250 mg');
INSERT INTO MEDICAMENTO (NOMBRE_MEDICAMENTO, EMPRESA, PRESENTACION) VALUES ('Lamotrigina', 'Genfar', 'Jarabe 100 ml');
INSERT INTO MEDICAMENTO (NOMBRE_MEDICAMENTO, EMPRESA, PRESENTACION) VALUES ('Valproato', 'Roche', 'Suspensión oral');
INSERT INTO MEDICAMENTO (NOMBRE_MEDICAMENTO, EMPRESA, PRESENTACION) VALUES ('Gabapentina', 'Genfar', 'Cápsula 250 mg');
INSERT INTO MEDICAMENTO (NOMBRE_MEDICAMENTO, EMPRESA, PRESENTACION) VALUES ('Acetaminofén', 'Bayer', 'Tableta 100 mg');
INSERT INTO MEDICAMENTO (NOMBRE_MEDICAMENTO, EMPRESA, PRESENTACION) VALUES ('Morfina', 'Genérico', 'Gotas orales');
INSERT INTO MEDICAMENTO (NOMBRE_MEDICAMENTO, EMPRESA, PRESENTACION) VALUES ('Tramadol', 'Pfizer', 'Gotas orales');
INSERT INTO MEDICAMENTO (NOMBRE_MEDICAMENTO, EMPRESA, PRESENTACION) VALUES ('Codeína', 'Roche', 'Tableta 500 mg');
INSERT INTO MEDICAMENTO (NOMBRE_MEDICAMENTO, EMPRESA, PRESENTACION) VALUES ('Simeticona', 'Bayer', 'Tableta 50 mg');
INSERT INTO MEDICAMENTO (NOMBRE_MEDICAMENTO, EMPRESA, PRESENTACION) VALUES ('MedicamentoGenérico1', 'Roche', 'Tableta 100 mg');
INSERT INTO MEDICAMENTO (NOMBRE_MEDICAMENTO, EMPRESA, PRESENTACION) VALUES ('MedicamentoGenérico2', 'Pfizer', 'Cápsula 250 mg');
INSERT INTO MEDICAMENTO (NOMBRE_MEDICAMENTO, EMPRESA, PRESENTACION) VALUES ('MedicamentoGenérico3', 'Novartis', 'Tableta 50 mg');
INSERT INTO MEDICAMENTO (NOMBRE_MEDICAMENTO, EMPRESA, PRESENTACION) VALUES ('MedicamentoGenérico4', 'Genfar', 'Jarabe 100 ml');
INSERT INTO MEDICAMENTO (NOMBRE_MEDICAMENTO, EMPRESA, PRESENTACION) VALUES ('MedicamentoGenérico5', 'Genérico', 'Jarabe 100 ml');
INSERT INTO MEDICAMENTO (NOMBRE_MEDICAMENTO, EMPRESA, PRESENTACION) VALUES ('MedicamentoGenérico6', 'Roche', 'Tableta 50 mg');
INSERT INTO MEDICAMENTO (NOMBRE_MEDICAMENTO, EMPRESA, PRESENTACION) VALUES ('MedicamentoGenérico7', 'Roche', 'Gotas orales');
INSERT INTO MEDICAMENTO (NOMBRE_MEDICAMENTO, EMPRESA, PRESENTACION) VALUES ('MedicamentoGenérico8', 'Genfar', 'Gotas orales');
INSERT INTO MEDICAMENTO (NOMBRE_MEDICAMENTO, EMPRESA, PRESENTACION) VALUES ('MedicamentoGenérico9', 'Genfar', 'Gotas orales');
INSERT INTO MEDICAMENTO (NOMBRE_MEDICAMENTO, EMPRESA, PRESENTACION) VALUES ('MedicamentoGenérico10', 'Bayer', 'Cápsula 250 mg');
INSERT INTO MEDICAMENTO (NOMBRE_MEDICAMENTO, EMPRESA, PRESENTACION) VALUES ('MedicamentoGenérico11', 'Novartis', 'Tableta 50 mg');
INSERT INTO MEDICAMENTO (NOMBRE_MEDICAMENTO, EMPRESA, PRESENTACION) VALUES ('MedicamentoGenérico12', 'Pfizer', 'Tableta 50 mg');
INSERT INTO MEDICAMENTO (NOMBRE_MEDICAMENTO, EMPRESA, PRESENTACION) VALUES ('MedicamentoGenérico13', 'Novartis', 'Solución inyectable');
INSERT INTO MEDICAMENTO (NOMBRE_MEDICAMENTO, EMPRESA, PRESENTACION) VALUES ('MedicamentoGenérico14', 'Pfizer', 'Gotas orales');
INSERT INTO MEDICAMENTO (NOMBRE_MEDICAMENTO, EMPRESA, PRESENTACION) VALUES ('MedicamentoGenérico15', 'Pfizer', 'Tableta 500 mg');
INSERT INTO MEDICAMENTO (NOMBRE_MEDICAMENTO, EMPRESA, PRESENTACION) VALUES ('MedicamentoGenérico16', 'Roche', 'Jarabe 100 ml');
INSERT INTO MEDICAMENTO (NOMBRE_MEDICAMENTO, EMPRESA, PRESENTACION) VALUES ('MedicamentoGenérico17', 'Genérico', 'Tableta 500 mg');
INSERT INTO MEDICAMENTO (NOMBRE_MEDICAMENTO, EMPRESA, PRESENTACION) VALUES ('MedicamentoGenérico18', 'Roche', 'Suspensión oral');
INSERT INTO MEDICAMENTO (NOMBRE_MEDICAMENTO, EMPRESA, PRESENTACION) VALUES ('MedicamentoGenérico19', 'Bayer', 'Tableta 500 mg');
INSERT INTO MEDICAMENTO (NOMBRE_MEDICAMENTO, EMPRESA, PRESENTACION) VALUES ('MedicamentoGenérico20', 'Genfar', 'Jarabe 100 ml');
INSERT INTO MEDICAMENTO (NOMBRE_MEDICAMENTO, EMPRESA, PRESENTACION) VALUES ('MedicamentoGenérico21', 'Novartis', 'Gotas orales');
INSERT INTO MEDICAMENTO (NOMBRE_MEDICAMENTO, EMPRESA, PRESENTACION) VALUES ('MedicamentoGenérico22', 'Roche', 'Gotas orales');
INSERT INTO MEDICAMENTO (NOMBRE_MEDICAMENTO, EMPRESA, PRESENTACION) VALUES ('MedicamentoGenérico23', 'Bayer', 'Gotas orales');
INSERT INTO MEDICAMENTO (NOMBRE_MEDICAMENTO, EMPRESA, PRESENTACION) VALUES ('MedicamentoGenérico24', 'Novartis', 'Tableta 500 mg');
INSERT INTO MEDICAMENTO (NOMBRE_MEDICAMENTO, EMPRESA, PRESENTACION) VALUES ('MedicamentoGenérico25', 'Genfar', 'Jarabe 100 ml');
INSERT INTO MEDICAMENTO (NOMBRE_MEDICAMENTO, EMPRESA, PRESENTACION) VALUES ('MedicamentoGenérico26', 'Genfar', 'Tableta 500 mg');
INSERT INTO MEDICAMENTO (NOMBRE_MEDICAMENTO, EMPRESA, PRESENTACION) VALUES ('MedicamentoGenérico27', 'Pfizer', 'Solución inyectable');
INSERT INTO MEDICAMENTO (NOMBRE_MEDICAMENTO, EMPRESA, PRESENTACION) VALUES ('MedicamentoGenérico28', 'Pfizer', 'Suspensión oral');
INSERT INTO MEDICAMENTO (NOMBRE_MEDICAMENTO, EMPRESA, PRESENTACION) VALUES ('MedicamentoGenérico29', 'Bayer', 'Jarabe 100 ml');
INSERT INTO MEDICAMENTO (NOMBRE_MEDICAMENTO, EMPRESA, PRESENTACION) VALUES ('MedicamentoGenérico30', 'Genérico', 'Tableta 500 mg');
INSERT INTO MEDICAMENTO (NOMBRE_MEDICAMENTO, EMPRESA, PRESENTACION) VALUES ('MedicamentoGenérico31', 'Bayer', 'Suspensión oral');
INSERT INTO MEDICAMENTO (NOMBRE_MEDICAMENTO, EMPRESA, PRESENTACION) VALUES ('MedicamentoGenérico32', 'Genfar', 'Suspensión oral');
INSERT INTO MEDICAMENTO (NOMBRE_MEDICAMENTO, EMPRESA, PRESENTACION) VALUES ('MedicamentoGenérico33', 'Genérico', 'Jarabe 100 ml');
INSERT INTO MEDICAMENTO (NOMBRE_MEDICAMENTO, EMPRESA, PRESENTACION) VALUES ('MedicamentoGenérico34', 'Roche', 'Solución inyectable');
INSERT INTO MEDICAMENTO (NOMBRE_MEDICAMENTO, EMPRESA, PRESENTACION) VALUES ('MedicamentoGenérico35', 'Novartis', 'Solución inyectable');
INSERT INTO MEDICAMENTO (NOMBRE_MEDICAMENTO, EMPRESA, PRESENTACION) VALUES ('MedicamentoGenérico36', 'Pfizer', 'Tableta 50 mg');
INSERT INTO MEDICAMENTO (NOMBRE_MEDICAMENTO, EMPRESA, PRESENTACION) VALUES ('MedicamentoGenérico37', 'Novartis', 'Gotas orales');
INSERT INTO MEDICAMENTO (NOMBRE_MEDICAMENTO, EMPRESA, PRESENTACION) VALUES ('MedicamentoGenérico38', 'Genérico', 'Gotas orales');
INSERT INTO MEDICAMENTO (NOMBRE_MEDICAMENTO, EMPRESA, PRESENTACION) VALUES ('MedicamentoGenérico39', 'Pfizer', 'Tableta 100 mg');
INSERT INTO MEDICAMENTO (NOMBRE_MEDICAMENTO, EMPRESA, PRESENTACION) VALUES ('MedicamentoGenérico40', 'Genfar', 'Tableta 50 mg');
INSERT INTO MEDICAMENTO (NOMBRE_MEDICAMENTO, EMPRESA, PRESENTACION) VALUES ('MedicamentoGenérico41', 'Genérico', 'Tableta 500 mg');
INSERT INTO MEDICAMENTO (NOMBRE_MEDICAMENTO, EMPRESA, PRESENTACION) VALUES ('MedicamentoGenérico42', 'Roche', 'Suspensión oral');
INSERT INTO MEDICAMENTO (NOMBRE_MEDICAMENTO, EMPRESA, PRESENTACION) VALUES ('MedicamentoGenérico43', 'Genfar', 'Gotas orales');
INSERT INTO MEDICAMENTO (NOMBRE_MEDICAMENTO, EMPRESA, PRESENTACION) VALUES ('MedicamentoGenérico44', 'Genfar', 'Tableta 50 mg');
INSERT INTO MEDICAMENTO (NOMBRE_MEDICAMENTO, EMPRESA, PRESENTACION) VALUES ('MedicamentoGenérico45', 'Novartis', 'Cápsula 250 mg');
INSERT INTO MEDICAMENTO (NOMBRE_MEDICAMENTO, EMPRESA, PRESENTACION) VALUES ('MedicamentoGenérico46', 'Genérico', 'Tableta 50 mg');
INSERT INTO MEDICAMENTO (NOMBRE_MEDICAMENTO, EMPRESA, PRESENTACION) VALUES ('MedicamentoGenérico47', 'Roche', 'Jarabe 100 ml');
INSERT INTO MEDICAMENTO (NOMBRE_MEDICAMENTO, EMPRESA, PRESENTACION) VALUES ('MedicamentoGenérico48', 'Novartis', 'Tableta 50 mg');
INSERT INTO MEDICAMENTO (NOMBRE_MEDICAMENTO, EMPRESA, PRESENTACION) VALUES ('MedicamentoGenérico49', 'Pfizer', 'Cápsula 250 mg');
INSERT INTO MEDICAMENTO (NOMBRE_MEDICAMENTO, EMPRESA, PRESENTACION) VALUES ('MedicamentoGenérico50', 'Bayer', 'Cápsula 250 mg');
INSERT INTO MEDICAMENTO (NOMBRE_MEDICAMENTO, EMPRESA, PRESENTACION) VALUES ('MedicamentoGenérico51', 'Genérico', 'Tableta 100 mg');
INSERT INTO MEDICAMENTO (NOMBRE_MEDICAMENTO, EMPRESA, PRESENTACION) VALUES ('MedicamentoGenérico52', 'Novartis', 'Suspensión oral');
INSERT INTO MEDICAMENTO (NOMBRE_MEDICAMENTO, EMPRESA, PRESENTACION) VALUES ('MedicamentoGenérico53', 'Novartis', 'Tableta 500 mg');

-- INSERTS CITA
INSERT INTO CITA (ID_PACIENTE, ID_DOCTOR, FECHA_CITA, HORA_INICIO, MOTIVO_CONSULTA, OBSERVACIONES, ESTADO_CITA) VALUES (16, 3, '2024-03-15', '11:20:00', 'Consulta por motivo 1', 'Observaciones de la cita 1', 'P');
INSERT INTO CITA (ID_PACIENTE, ID_DOCTOR, FECHA_CITA, HORA_INICIO, MOTIVO_CONSULTA, OBSERVACIONES, ESTADO_CITA) VALUES (8, 2, '2024-02-29', '15:00:00', 'Consulta por motivo 2', 'Observaciones de la cita 2', 'P');
INSERT INTO CITA (ID_PACIENTE, ID_DOCTOR, FECHA_CITA, HORA_INICIO, MOTIVO_CONSULTA, OBSERVACIONES, ESTADO_CITA) VALUES (13, 8, '2024-01-05', '14:40:00', 'Consulta por motivo 3', 'Observaciones de la cita 3', 'A');
INSERT INTO CITA (ID_PACIENTE, ID_DOCTOR, FECHA_CITA, HORA_INICIO, MOTIVO_CONSULTA, OBSERVACIONES, ESTADO_CITA) VALUES (6, 3, '2024-03-10', '10:20:00', 'Consulta por motivo 4', 'Observaciones de la cita 4', 'A');
INSERT INTO CITA (ID_PACIENTE, ID_DOCTOR, FECHA_CITA, HORA_INICIO, MOTIVO_CONSULTA, OBSERVACIONES, ESTADO_CITA) VALUES (24, 2, '2024-01-15', '10:20:00', 'Consulta por motivo 5', 'Observaciones de la cita 5', 'P');
INSERT INTO CITA (ID_PACIENTE, ID_DOCTOR, FECHA_CITA, HORA_INICIO, MOTIVO_CONSULTA, OBSERVACIONES, ESTADO_CITA) VALUES (1, 1, '2024-01-05', '16:00:00', 'Consulta por motivo 6', 'Observaciones de la cita 6', 'A');
INSERT INTO CITA (ID_PACIENTE, ID_DOCTOR, FECHA_CITA, HORA_INICIO, MOTIVO_CONSULTA, OBSERVACIONES, ESTADO_CITA) VALUES (17, 8, '2024-02-22', '11:20:00', 'Consulta por motivo 7', 'Observaciones de la cita 7', 'A');
INSERT INTO CITA (ID_PACIENTE, ID_DOCTOR, FECHA_CITA, HORA_INICIO, MOTIVO_CONSULTA, OBSERVACIONES, ESTADO_CITA) VALUES (33, 10, '2024-02-19', '12:00:00', 'Consulta por motivo 8', 'Observaciones de la cita 8', 'A');
INSERT INTO CITA (ID_PACIENTE, ID_DOCTOR, FECHA_CITA, HORA_INICIO, MOTIVO_CONSULTA, OBSERVACIONES, ESTADO_CITA) VALUES (20, 3, '2024-02-24', '12:40:00', 'Consulta por motivo 9', 'Observaciones de la cita 9', 'A');
INSERT INTO CITA (ID_PACIENTE, ID_DOCTOR, FECHA_CITA, HORA_INICIO, MOTIVO_CONSULTA, OBSERVACIONES, ESTADO_CITA) VALUES (11, 8, '2024-03-01', '13:40:00', 'Consulta por motivo 10', 'Observaciones de la cita 10', 'A');
INSERT INTO CITA (ID_PACIENTE, ID_DOCTOR, FECHA_CITA, HORA_INICIO, MOTIVO_CONSULTA, OBSERVACIONES, ESTADO_CITA) VALUES (19, 3, '2024-01-13', '10:40:00', 'Consulta por motivo 11', 'Observaciones de la cita 11', 'A');
INSERT INTO CITA (ID_PACIENTE, ID_DOCTOR, FECHA_CITA, HORA_INICIO, MOTIVO_CONSULTA, OBSERVACIONES, ESTADO_CITA) VALUES (31, 4, '2024-03-13', '10:40:00', 'Consulta por motivo 12', 'Observaciones de la cita 12', 'P');
INSERT INTO CITA (ID_PACIENTE, ID_DOCTOR, FECHA_CITA, HORA_INICIO, MOTIVO_CONSULTA, OBSERVACIONES, ESTADO_CITA) VALUES (16, 5, '2024-01-11', '11:20:00', 'Consulta por motivo 13', 'Observaciones de la cita 13', 'A');
INSERT INTO CITA (ID_PACIENTE, ID_DOCTOR, FECHA_CITA, HORA_INICIO, MOTIVO_CONSULTA, OBSERVACIONES, ESTADO_CITA) VALUES (33, 1, '2024-01-18', '08:40:00', 'Consulta por motivo 14', 'Observaciones de la cita 14', 'A');
INSERT INTO CITA (ID_PACIENTE, ID_DOCTOR, FECHA_CITA, HORA_INICIO, MOTIVO_CONSULTA, OBSERVACIONES, ESTADO_CITA) VALUES (10, 8, '2024-02-29', '09:20:00', 'Consulta por motivo 15', 'Observaciones de la cita 15', 'A');
INSERT INTO CITA (ID_PACIENTE, ID_DOCTOR, FECHA_CITA, HORA_INICIO, MOTIVO_CONSULTA, OBSERVACIONES, ESTADO_CITA) VALUES (30, 9, '2024-03-19', '12:00:00', 'Consulta por motivo 16', 'Observaciones de la cita 16', 'P');
INSERT INTO CITA (ID_PACIENTE, ID_DOCTOR, FECHA_CITA, HORA_INICIO, MOTIVO_CONSULTA, OBSERVACIONES, ESTADO_CITA) VALUES (27, 8, '2024-01-15', '15:20:00', 'Consulta por motivo 17', 'Observaciones de la cita 17', 'P');
INSERT INTO CITA (ID_PACIENTE, ID_DOCTOR, FECHA_CITA, HORA_INICIO, MOTIVO_CONSULTA, OBSERVACIONES, ESTADO_CITA) VALUES (19, 2, '2024-03-08', '12:20:00', 'Consulta por motivo 18', 'Observaciones de la cita 18', 'A');
INSERT INTO CITA (ID_PACIENTE, ID_DOCTOR, FECHA_CITA, HORA_INICIO, MOTIVO_CONSULTA, OBSERVACIONES, ESTADO_CITA) VALUES (5, 10, '2024-03-29', '09:00:00', 'Consulta por motivo 19', 'Observaciones de la cita 19', 'A');
INSERT INTO CITA (ID_PACIENTE, ID_DOCTOR, FECHA_CITA, HORA_INICIO, MOTIVO_CONSULTA, OBSERVACIONES, ESTADO_CITA) VALUES (32, 10, '2024-02-19', '09:20:00', 'Consulta por motivo 20', 'Observaciones de la cita 20', 'C');
INSERT INTO CITA (ID_PACIENTE, ID_DOCTOR, FECHA_CITA, HORA_INICIO, MOTIVO_CONSULTA, OBSERVACIONES, ESTADO_CITA) VALUES (8, 10, '2024-02-14', '12:00:00', 'Consulta por motivo 21', 'Observaciones de la cita 21', 'A');
INSERT INTO CITA (ID_PACIENTE, ID_DOCTOR, FECHA_CITA, HORA_INICIO, MOTIVO_CONSULTA, OBSERVACIONES, ESTADO_CITA) VALUES (30, 6, '2024-03-26', '09:00:00', 'Consulta por motivo 22', 'Observaciones de la cita 22', 'P');
INSERT INTO CITA (ID_PACIENTE, ID_DOCTOR, FECHA_CITA, HORA_INICIO, MOTIVO_CONSULTA, OBSERVACIONES, ESTADO_CITA) VALUES (28, 9, '2024-03-16', '10:20:00', 'Consulta por motivo 23', 'Observaciones de la cita 23', 'A');
INSERT INTO CITA (ID_PACIENTE, ID_DOCTOR, FECHA_CITA, HORA_INICIO, MOTIVO_CONSULTA, OBSERVACIONES, ESTADO_CITA) VALUES (7, 1, '2024-03-08', '14:00:00', 'Consulta por motivo 24', 'Observaciones de la cita 24', 'A');
INSERT INTO CITA (ID_PACIENTE, ID_DOCTOR, FECHA_CITA, HORA_INICIO, MOTIVO_CONSULTA, OBSERVACIONES, ESTADO_CITA) VALUES (31, 6, '2024-01-19', '12:40:00', 'Consulta por motivo 25', 'Observaciones de la cita 25', 'A');
INSERT INTO CITA (ID_PACIENTE, ID_DOCTOR, FECHA_CITA, HORA_INICIO, MOTIVO_CONSULTA, OBSERVACIONES, ESTADO_CITA) VALUES (14, 4, '2024-03-23', '14:20:00', 'Consulta por motivo 26', 'Observaciones de la cita 26', 'A');
INSERT INTO CITA (ID_PACIENTE, ID_DOCTOR, FECHA_CITA, HORA_INICIO, MOTIVO_CONSULTA, OBSERVACIONES, ESTADO_CITA) VALUES (28, 9, '2024-01-24', '13:40:00', 'Consulta por motivo 27', 'Observaciones de la cita 27', 'P');
INSERT INTO CITA (ID_PACIENTE, ID_DOCTOR, FECHA_CITA, HORA_INICIO, MOTIVO_CONSULTA, OBSERVACIONES, ESTADO_CITA) VALUES (9, 5, '2024-01-02', '09:00:00', 'Consulta por motivo 28', 'Observaciones de la cita 28', 'A');
INSERT INTO CITA (ID_PACIENTE, ID_DOCTOR, FECHA_CITA, HORA_INICIO, MOTIVO_CONSULTA, OBSERVACIONES, ESTADO_CITA) VALUES (1, 3, '2024-02-18', '16:40:00', 'Consulta por motivo 29', 'Observaciones de la cita 29', 'P');
INSERT INTO CITA (ID_PACIENTE, ID_DOCTOR, FECHA_CITA, HORA_INICIO, MOTIVO_CONSULTA, OBSERVACIONES, ESTADO_CITA) VALUES (31, 8, '2024-01-23', '13:00:00', 'Consulta por motivo 30', 'Observaciones de la cita 30', 'P');
INSERT INTO CITA (ID_PACIENTE, ID_DOCTOR, FECHA_CITA, HORA_INICIO, MOTIVO_CONSULTA, OBSERVACIONES, ESTADO_CITA) VALUES (26, 8, '2024-02-08', '16:40:00', 'Consulta por motivo 31', 'Observaciones de la cita 31', 'A');
INSERT INTO CITA (ID_PACIENTE, ID_DOCTOR, FECHA_CITA, HORA_INICIO, MOTIVO_CONSULTA, OBSERVACIONES, ESTADO_CITA) VALUES (21, 7, '2024-02-19', '15:20:00', 'Consulta por motivo 32', 'Observaciones de la cita 32', 'A');
INSERT INTO CITA (ID_PACIENTE, ID_DOCTOR, FECHA_CITA, HORA_INICIO, MOTIVO_CONSULTA, OBSERVACIONES, ESTADO_CITA) VALUES (23, 1, '2024-03-20', '08:00:00', 'Consulta por motivo 33', 'Observaciones de la cita 33', 'P');
INSERT INTO CITA (ID_PACIENTE, ID_DOCTOR, FECHA_CITA, HORA_INICIO, MOTIVO_CONSULTA, OBSERVACIONES, ESTADO_CITA) VALUES (27, 4, '2024-03-03', '12:20:00', 'Consulta por motivo 34', 'Observaciones de la cita 34', 'A');
INSERT INTO CITA (ID_PACIENTE, ID_DOCTOR, FECHA_CITA, HORA_INICIO, MOTIVO_CONSULTA, OBSERVACIONES, ESTADO_CITA) VALUES (4, 2, '2024-03-20', '11:20:00', 'Consulta por motivo 35', 'Observaciones de la cita 35', 'P');
INSERT INTO CITA (ID_PACIENTE, ID_DOCTOR, FECHA_CITA, HORA_INICIO, MOTIVO_CONSULTA, OBSERVACIONES, ESTADO_CITA) VALUES (12, 10, '2024-03-23', '09:40:00', 'Consulta por motivo 36', 'Observaciones de la cita 36', 'A');
INSERT INTO CITA (ID_PACIENTE, ID_DOCTOR, FECHA_CITA, HORA_INICIO, MOTIVO_CONSULTA, OBSERVACIONES, ESTADO_CITA) VALUES (5, 9, '2024-03-21', '12:00:00', 'Consulta por motivo 37', 'Observaciones de la cita 37', 'A');
INSERT INTO CITA (ID_PACIENTE, ID_DOCTOR, FECHA_CITA, HORA_INICIO, MOTIVO_CONSULTA, OBSERVACIONES, ESTADO_CITA) VALUES (2, 4, '2024-02-27', '13:20:00', 'Consulta por motivo 38', 'Observaciones de la cita 38', 'P');
INSERT INTO CITA (ID_PACIENTE, ID_DOCTOR, FECHA_CITA, HORA_INICIO, MOTIVO_CONSULTA, OBSERVACIONES, ESTADO_CITA) VALUES (12, 4, '2024-02-11', '13:00:00', 'Consulta por motivo 39', 'Observaciones de la cita 39', 'P');
INSERT INTO CITA (ID_PACIENTE, ID_DOCTOR, FECHA_CITA, HORA_INICIO, MOTIVO_CONSULTA, OBSERVACIONES, ESTADO_CITA) VALUES (2, 4, '2024-01-15', '10:00:00', 'Consulta por motivo 40', 'Observaciones de la cita 40', 'A');
INSERT INTO CITA (ID_PACIENTE, ID_DOCTOR, FECHA_CITA, HORA_INICIO, MOTIVO_CONSULTA, OBSERVACIONES, ESTADO_CITA) VALUES (8, 7, '2024-01-22', '10:20:00', 'Consulta por motivo 41', 'Observaciones de la cita 41', 'C');
INSERT INTO CITA (ID_PACIENTE, ID_DOCTOR, FECHA_CITA, HORA_INICIO, MOTIVO_CONSULTA, OBSERVACIONES, ESTADO_CITA) VALUES (35, 6, '2024-02-18', '15:00:00', 'Consulta por motivo 42', 'Observaciones de la cita 42', 'A');
INSERT INTO CITA (ID_PACIENTE, ID_DOCTOR, FECHA_CITA, HORA_INICIO, MOTIVO_CONSULTA, OBSERVACIONES, ESTADO_CITA) VALUES (5, 4, '2024-03-26', '14:40:00', 'Consulta por motivo 43', 'Observaciones de la cita 43', 'A');
INSERT INTO CITA (ID_PACIENTE, ID_DOCTOR, FECHA_CITA, HORA_INICIO, MOTIVO_CONSULTA, OBSERVACIONES, ESTADO_CITA) VALUES (20, 5, '2024-03-29', '15:00:00', 'Consulta por motivo 44', 'Observaciones de la cita 44', 'P');
INSERT INTO CITA (ID_PACIENTE, ID_DOCTOR, FECHA_CITA, HORA_INICIO, MOTIVO_CONSULTA, OBSERVACIONES, ESTADO_CITA) VALUES (3, 4, '2024-02-05', '09:00:00', 'Consulta por motivo 45', 'Observaciones de la cita 45', 'A');
INSERT INTO CITA (ID_PACIENTE, ID_DOCTOR, FECHA_CITA, HORA_INICIO, MOTIVO_CONSULTA, OBSERVACIONES, ESTADO_CITA) VALUES (31, 9, '2024-03-01', '09:00:00', 'Consulta por motivo 46', 'Observaciones de la cita 46', 'C');
INSERT INTO CITA (ID_PACIENTE, ID_DOCTOR, FECHA_CITA, HORA_INICIO, MOTIVO_CONSULTA, OBSERVACIONES, ESTADO_CITA) VALUES (24, 5, '2024-01-10', '11:40:00', 'Consulta por motivo 47', 'Observaciones de la cita 47', 'A');
INSERT INTO CITA (ID_PACIENTE, ID_DOCTOR, FECHA_CITA, HORA_INICIO, MOTIVO_CONSULTA, OBSERVACIONES, ESTADO_CITA) VALUES (14, 9, '2024-01-24', '12:40:00', 'Consulta por motivo 48', 'Observaciones de la cita 48', 'P');
INSERT INTO CITA (ID_PACIENTE, ID_DOCTOR, FECHA_CITA, HORA_INICIO, MOTIVO_CONSULTA, OBSERVACIONES, ESTADO_CITA) VALUES (19, 7, '2024-01-09', '16:40:00', 'Consulta por motivo 49', 'Observaciones de la cita 49', 'C');
INSERT INTO CITA (ID_PACIENTE, ID_DOCTOR, FECHA_CITA, HORA_INICIO, MOTIVO_CONSULTA, OBSERVACIONES, ESTADO_CITA) VALUES (16, 7, '2024-01-08', '10:20:00', 'Consulta por motivo 50', 'Observaciones de la cita 50', 'C');
INSERT INTO CITA (ID_PACIENTE, ID_DOCTOR, FECHA_CITA, HORA_INICIO, MOTIVO_CONSULTA, OBSERVACIONES, ESTADO_CITA) VALUES (26, 5, '2024-02-09', '10:40:00', 'Consulta por motivo 51', 'Observaciones de la cita 51', 'C');
INSERT INTO CITA (ID_PACIENTE, ID_DOCTOR, FECHA_CITA, HORA_INICIO, MOTIVO_CONSULTA, OBSERVACIONES, ESTADO_CITA) VALUES (17, 3, '2024-02-23', '10:20:00', 'Consulta por motivo 52', 'Observaciones de la cita 52', 'A');
INSERT INTO CITA (ID_PACIENTE, ID_DOCTOR, FECHA_CITA, HORA_INICIO, MOTIVO_CONSULTA, OBSERVACIONES, ESTADO_CITA) VALUES (6, 2, '2024-03-07', '16:20:00', 'Consulta por motivo 53', 'Observaciones de la cita 53', 'C');
INSERT INTO CITA (ID_PACIENTE, ID_DOCTOR, FECHA_CITA, HORA_INICIO, MOTIVO_CONSULTA, OBSERVACIONES, ESTADO_CITA) VALUES (32, 7, '2024-01-03', '10:20:00', 'Consulta por motivo 54', 'Observaciones de la cita 54', 'A');
INSERT INTO CITA (ID_PACIENTE, ID_DOCTOR, FECHA_CITA, HORA_INICIO, MOTIVO_CONSULTA, OBSERVACIONES, ESTADO_CITA) VALUES (1, 4, '2024-02-06', '16:40:00', 'Consulta por motivo 55', 'Observaciones de la cita 55', 'A');
INSERT INTO CITA (ID_PACIENTE, ID_DOCTOR, FECHA_CITA, HORA_INICIO, MOTIVO_CONSULTA, OBSERVACIONES, ESTADO_CITA) VALUES (2, 4, '2024-03-20', '08:00:00', 'Consulta por motivo 56', 'Observaciones de la cita 56', 'A');
INSERT INTO CITA (ID_PACIENTE, ID_DOCTOR, FECHA_CITA, HORA_INICIO, MOTIVO_CONSULTA, OBSERVACIONES, ESTADO_CITA) VALUES (16, 1, '2024-01-14', '15:00:00', 'Consulta por motivo 57', 'Observaciones de la cita 57', 'C');
INSERT INTO CITA (ID_PACIENTE, ID_DOCTOR, FECHA_CITA, HORA_INICIO, MOTIVO_CONSULTA, OBSERVACIONES, ESTADO_CITA) VALUES (1, 9, '2024-03-15', '12:00:00', 'Consulta por motivo 58', 'Observaciones de la cita 58', 'A');
INSERT INTO CITA (ID_PACIENTE, ID_DOCTOR, FECHA_CITA, HORA_INICIO, MOTIVO_CONSULTA, OBSERVACIONES, ESTADO_CITA) VALUES (19, 8, '2024-01-23', '08:40:00', 'Consulta por motivo 59', 'Observaciones de la cita 59', 'P');
INSERT INTO CITA (ID_PACIENTE, ID_DOCTOR, FECHA_CITA, HORA_INICIO, MOTIVO_CONSULTA, OBSERVACIONES, ESTADO_CITA) VALUES (9, 8, '2024-02-07', '11:00:00', 'Consulta por motivo 60', 'Observaciones de la cita 60', 'P');
INSERT INTO CITA (ID_PACIENTE, ID_DOCTOR, FECHA_CITA, HORA_INICIO, MOTIVO_CONSULTA, OBSERVACIONES, ESTADO_CITA) VALUES (1, 7, '2024-02-14', '10:20:00', 'Consulta por motivo 61', 'Observaciones de la cita 61', 'A');
INSERT INTO CITA (ID_PACIENTE, ID_DOCTOR, FECHA_CITA, HORA_INICIO, MOTIVO_CONSULTA, OBSERVACIONES, ESTADO_CITA) VALUES (29, 1, '2024-02-29', '08:40:00', 'Consulta por motivo 62', 'Observaciones de la cita 62', 'C');
INSERT INTO CITA (ID_PACIENTE, ID_DOCTOR, FECHA_CITA, HORA_INICIO, MOTIVO_CONSULTA, OBSERVACIONES, ESTADO_CITA) VALUES (14, 5, '2024-01-30', '11:20:00', 'Consulta por motivo 63', 'Observaciones de la cita 63', 'A');
INSERT INTO CITA (ID_PACIENTE, ID_DOCTOR, FECHA_CITA, HORA_INICIO, MOTIVO_CONSULTA, OBSERVACIONES, ESTADO_CITA) VALUES (8, 3, '2024-01-16', '13:40:00', 'Consulta por motivo 64', 'Observaciones de la cita 64', 'A');
INSERT INTO CITA (ID_PACIENTE, ID_DOCTOR, FECHA_CITA, HORA_INICIO, MOTIVO_CONSULTA, OBSERVACIONES, ESTADO_CITA) VALUES (7, 7, '2024-01-17', '13:40:00', 'Consulta por motivo 65', 'Observaciones de la cita 65', 'A');
INSERT INTO CITA (ID_PACIENTE, ID_DOCTOR, FECHA_CITA, HORA_INICIO, MOTIVO_CONSULTA, OBSERVACIONES, ESTADO_CITA) VALUES (30, 5, '2024-01-19', '16:00:00', 'Consulta por motivo 66', 'Observaciones de la cita 66', 'A');
INSERT INTO CITA (ID_PACIENTE, ID_DOCTOR, FECHA_CITA, HORA_INICIO, MOTIVO_CONSULTA, OBSERVACIONES, ESTADO_CITA) VALUES (15, 9, '2024-02-02', '10:40:00', 'Consulta por motivo 67', 'Observaciones de la cita 67', 'A');
INSERT INTO CITA (ID_PACIENTE, ID_DOCTOR, FECHA_CITA, HORA_INICIO, MOTIVO_CONSULTA, OBSERVACIONES, ESTADO_CITA) VALUES (34, 3, '2024-03-25', '16:00:00', 'Consulta por motivo 68', 'Observaciones de la cita 68', 'A');
INSERT INTO CITA (ID_PACIENTE, ID_DOCTOR, FECHA_CITA, HORA_INICIO, MOTIVO_CONSULTA, OBSERVACIONES, ESTADO_CITA) VALUES (26, 5, '2024-02-13', '08:00:00', 'Consulta por motivo 69', 'Observaciones de la cita 69', 'A');
INSERT INTO CITA (ID_PACIENTE, ID_DOCTOR, FECHA_CITA, HORA_INICIO, MOTIVO_CONSULTA, OBSERVACIONES, ESTADO_CITA) VALUES (7, 5, '2024-02-16', '13:40:00', 'Consulta por motivo 70', 'Observaciones de la cita 70', 'A');
INSERT INTO CITA (ID_PACIENTE, ID_DOCTOR, FECHA_CITA, HORA_INICIO, MOTIVO_CONSULTA, OBSERVACIONES, ESTADO_CITA) VALUES (29, 4, '2024-03-29', '14:20:00', 'Consulta por motivo 71', 'Observaciones de la cita 71', 'P');
INSERT INTO CITA (ID_PACIENTE, ID_DOCTOR, FECHA_CITA, HORA_INICIO, MOTIVO_CONSULTA, OBSERVACIONES, ESTADO_CITA) VALUES (9, 10, '2024-01-21', '14:40:00', 'Consulta por motivo 72', 'Observaciones de la cita 72', 'A');
INSERT INTO CITA (ID_PACIENTE, ID_DOCTOR, FECHA_CITA, HORA_INICIO, MOTIVO_CONSULTA, OBSERVACIONES, ESTADO_CITA) VALUES (10, 9, '2024-03-01', '15:20:00', 'Consulta por motivo 73', 'Observaciones de la cita 73', 'A');
INSERT INTO CITA (ID_PACIENTE, ID_DOCTOR, FECHA_CITA, HORA_INICIO, MOTIVO_CONSULTA, OBSERVACIONES, ESTADO_CITA) VALUES (14, 7, '2024-02-08', '12:00:00', 'Consulta por motivo 74', 'Observaciones de la cita 74', 'A');
INSERT INTO CITA (ID_PACIENTE, ID_DOCTOR, FECHA_CITA, HORA_INICIO, MOTIVO_CONSULTA, OBSERVACIONES, ESTADO_CITA) VALUES (17, 7, '2024-02-09', '11:00:00', 'Consulta por motivo 75', 'Observaciones de la cita 75', 'A');
INSERT INTO CITA (ID_PACIENTE, ID_DOCTOR, FECHA_CITA, HORA_INICIO, MOTIVO_CONSULTA, OBSERVACIONES, ESTADO_CITA) VALUES (35, 9, '2024-03-19', '14:00:00', 'Consulta por motivo 76', 'Observaciones de la cita 76', 'C');
INSERT INTO CITA (ID_PACIENTE, ID_DOCTOR, FECHA_CITA, HORA_INICIO, MOTIVO_CONSULTA, OBSERVACIONES, ESTADO_CITA) VALUES (5, 3, '2024-01-03', '13:20:00', 'Consulta por motivo 77', 'Observaciones de la cita 77', 'A');
INSERT INTO CITA (ID_PACIENTE, ID_DOCTOR, FECHA_CITA, HORA_INICIO, MOTIVO_CONSULTA, OBSERVACIONES, ESTADO_CITA) VALUES (20, 4, '2024-02-05', '08:40:00', 'Consulta por motivo 78', 'Observaciones de la cita 78', 'A');
INSERT INTO CITA (ID_PACIENTE, ID_DOCTOR, FECHA_CITA, HORA_INICIO, MOTIVO_CONSULTA, OBSERVACIONES, ESTADO_CITA) VALUES (26, 3, '2024-02-07', '10:20:00', 'Consulta por motivo 79', 'Observaciones de la cita 79', 'P');
INSERT INTO CITA (ID_PACIENTE, ID_DOCTOR, FECHA_CITA, HORA_INICIO, MOTIVO_CONSULTA, OBSERVACIONES, ESTADO_CITA) VALUES (10, 9, '2024-02-20', '14:40:00', 'Consulta por motivo 80', 'Observaciones de la cita 80', 'A');

-- INSERTS TRATAMIENTO
INSERT INTO TRATAMIENTO (ID_CITA, DESCRIPCION, FECHA_INICIO_TRATAMIENTO, DURACION_DIAS) VALUES (3, 'Tratamiento indicado para la cita 3', '2024-01-05', 12);
INSERT INTO TRATAMIENTO (ID_CITA, DESCRIPCION, FECHA_INICIO_TRATAMIENTO, DURACION_DIAS) VALUES (4, 'Tratamiento indicado para la cita 4', '2024-03-10', 6);
INSERT INTO TRATAMIENTO (ID_CITA, DESCRIPCION, FECHA_INICIO_TRATAMIENTO, DURACION_DIAS) VALUES (6, 'Tratamiento indicado para la cita 6', '2024-01-05', 8);
INSERT INTO TRATAMIENTO (ID_CITA, DESCRIPCION, FECHA_INICIO_TRATAMIENTO, DURACION_DIAS) VALUES (7, 'Tratamiento indicado para la cita 7', '2024-02-22', 18);
INSERT INTO TRATAMIENTO (ID_CITA, DESCRIPCION, FECHA_INICIO_TRATAMIENTO, DURACION_DIAS) VALUES (8, 'Tratamiento indicado para la cita 8', '2024-02-19', 19);
INSERT INTO TRATAMIENTO (ID_CITA, DESCRIPCION, FECHA_INICIO_TRATAMIENTO, DURACION_DIAS) VALUES (9, 'Tratamiento indicado para la cita 9', '2024-02-24', 5);
INSERT INTO TRATAMIENTO (ID_CITA, DESCRIPCION, FECHA_INICIO_TRATAMIENTO, DURACION_DIAS) VALUES (10, 'Tratamiento indicado para la cita 10', '2024-03-01', 21);
INSERT INTO TRATAMIENTO (ID_CITA, DESCRIPCION, FECHA_INICIO_TRATAMIENTO, DURACION_DIAS) VALUES (11, 'Tratamiento indicado para la cita 11', '2024-01-13', 19);
INSERT INTO TRATAMIENTO (ID_CITA, DESCRIPCION, FECHA_INICIO_TRATAMIENTO, DURACION_DIAS) VALUES (13, 'Tratamiento indicado para la cita 13', '2024-01-11', 14);
INSERT INTO TRATAMIENTO (ID_CITA, DESCRIPCION, FECHA_INICIO_TRATAMIENTO, DURACION_DIAS) VALUES (14, 'Tratamiento indicado para la cita 14', '2024-01-18', 6);
INSERT INTO TRATAMIENTO (ID_CITA, DESCRIPCION, FECHA_INICIO_TRATAMIENTO, DURACION_DIAS) VALUES (15, 'Tratamiento indicado para la cita 15', '2024-02-29', 8);
INSERT INTO TRATAMIENTO (ID_CITA, DESCRIPCION, FECHA_INICIO_TRATAMIENTO, DURACION_DIAS) VALUES (18, 'Tratamiento indicado para la cita 18', '2024-03-08', 5);
INSERT INTO TRATAMIENTO (ID_CITA, DESCRIPCION, FECHA_INICIO_TRATAMIENTO, DURACION_DIAS) VALUES (19, 'Tratamiento indicado para la cita 19', '2024-03-29', 8);
INSERT INTO TRATAMIENTO (ID_CITA, DESCRIPCION, FECHA_INICIO_TRATAMIENTO, DURACION_DIAS) VALUES (21, 'Tratamiento indicado para la cita 21', '2024-02-14', 13);
INSERT INTO TRATAMIENTO (ID_CITA, DESCRIPCION, FECHA_INICIO_TRATAMIENTO, DURACION_DIAS) VALUES (23, 'Tratamiento indicado para la cita 23', '2024-03-16', 17);
INSERT INTO TRATAMIENTO (ID_CITA, DESCRIPCION, FECHA_INICIO_TRATAMIENTO, DURACION_DIAS) VALUES (24, 'Tratamiento indicado para la cita 24', '2024-03-08', 15);
INSERT INTO TRATAMIENTO (ID_CITA, DESCRIPCION, FECHA_INICIO_TRATAMIENTO, DURACION_DIAS) VALUES (25, 'Tratamiento indicado para la cita 25', '2024-01-19', 13);
INSERT INTO TRATAMIENTO (ID_CITA, DESCRIPCION, FECHA_INICIO_TRATAMIENTO, DURACION_DIAS) VALUES (26, 'Tratamiento indicado para la cita 26', '2024-03-23', 6);
INSERT INTO TRATAMIENTO (ID_CITA, DESCRIPCION, FECHA_INICIO_TRATAMIENTO, DURACION_DIAS) VALUES (28, 'Tratamiento indicado para la cita 28', '2024-01-02', 10);
INSERT INTO TRATAMIENTO (ID_CITA, DESCRIPCION, FECHA_INICIO_TRATAMIENTO, DURACION_DIAS) VALUES (31, 'Tratamiento indicado para la cita 31', '2024-02-08', 20);
INSERT INTO TRATAMIENTO (ID_CITA, DESCRIPCION, FECHA_INICIO_TRATAMIENTO, DURACION_DIAS) VALUES (32, 'Tratamiento indicado para la cita 32', '2024-02-19', 5);
INSERT INTO TRATAMIENTO (ID_CITA, DESCRIPCION, FECHA_INICIO_TRATAMIENTO, DURACION_DIAS) VALUES (34, 'Tratamiento indicado para la cita 34', '2024-03-03', 18);
INSERT INTO TRATAMIENTO (ID_CITA, DESCRIPCION, FECHA_INICIO_TRATAMIENTO, DURACION_DIAS) VALUES (36, 'Tratamiento indicado para la cita 36', '2024-03-23', 5);
INSERT INTO TRATAMIENTO (ID_CITA, DESCRIPCION, FECHA_INICIO_TRATAMIENTO, DURACION_DIAS) VALUES (37, 'Tratamiento indicado para la cita 37', '2024-03-21', 19);
INSERT INTO TRATAMIENTO (ID_CITA, DESCRIPCION, FECHA_INICIO_TRATAMIENTO, DURACION_DIAS) VALUES (40, 'Tratamiento indicado para la cita 40', '2024-01-15', 15);
INSERT INTO TRATAMIENTO (ID_CITA, DESCRIPCION, FECHA_INICIO_TRATAMIENTO, DURACION_DIAS) VALUES (42, 'Tratamiento indicado para la cita 42', '2024-02-18', 17);
INSERT INTO TRATAMIENTO (ID_CITA, DESCRIPCION, FECHA_INICIO_TRATAMIENTO, DURACION_DIAS) VALUES (43, 'Tratamiento indicado para la cita 43', '2024-03-26', 21);
INSERT INTO TRATAMIENTO (ID_CITA, DESCRIPCION, FECHA_INICIO_TRATAMIENTO, DURACION_DIAS) VALUES (45, 'Tratamiento indicado para la cita 45', '2024-02-05', 8);
INSERT INTO TRATAMIENTO (ID_CITA, DESCRIPCION, FECHA_INICIO_TRATAMIENTO, DURACION_DIAS) VALUES (47, 'Tratamiento indicado para la cita 47', '2024-01-10', 20);
INSERT INTO TRATAMIENTO (ID_CITA, DESCRIPCION, FECHA_INICIO_TRATAMIENTO, DURACION_DIAS) VALUES (52, 'Tratamiento indicado para la cita 52', '2024-02-23', 6);
INSERT INTO TRATAMIENTO (ID_CITA, DESCRIPCION, FECHA_INICIO_TRATAMIENTO, DURACION_DIAS) VALUES (54, 'Tratamiento indicado para la cita 54', '2024-01-03', 7);
INSERT INTO TRATAMIENTO (ID_CITA, DESCRIPCION, FECHA_INICIO_TRATAMIENTO, DURACION_DIAS) VALUES (55, 'Tratamiento indicado para la cita 55', '2024-02-06', 21);
INSERT INTO TRATAMIENTO (ID_CITA, DESCRIPCION, FECHA_INICIO_TRATAMIENTO, DURACION_DIAS) VALUES (56, 'Tratamiento indicado para la cita 56', '2024-03-20', 21);
INSERT INTO TRATAMIENTO (ID_CITA, DESCRIPCION, FECHA_INICIO_TRATAMIENTO, DURACION_DIAS) VALUES (58, 'Tratamiento indicado para la cita 58', '2024-03-15', 19);
INSERT INTO TRATAMIENTO (ID_CITA, DESCRIPCION, FECHA_INICIO_TRATAMIENTO, DURACION_DIAS) VALUES (61, 'Tratamiento indicado para la cita 61', '2024-02-14', 11);
INSERT INTO TRATAMIENTO (ID_CITA, DESCRIPCION, FECHA_INICIO_TRATAMIENTO, DURACION_DIAS) VALUES (63, 'Tratamiento indicado para la cita 63', '2024-01-30', 11);
INSERT INTO TRATAMIENTO (ID_CITA, DESCRIPCION, FECHA_INICIO_TRATAMIENTO, DURACION_DIAS) VALUES (64, 'Tratamiento indicado para la cita 64', '2024-01-16', 15);
INSERT INTO TRATAMIENTO (ID_CITA, DESCRIPCION, FECHA_INICIO_TRATAMIENTO, DURACION_DIAS) VALUES (65, 'Tratamiento indicado para la cita 65', '2024-01-17', 5);
INSERT INTO TRATAMIENTO (ID_CITA, DESCRIPCION, FECHA_INICIO_TRATAMIENTO, DURACION_DIAS) VALUES (66, 'Tratamiento indicado para la cita 66', '2024-01-19', 13);
INSERT INTO TRATAMIENTO (ID_CITA, DESCRIPCION, FECHA_INICIO_TRATAMIENTO, DURACION_DIAS) VALUES (67, 'Tratamiento indicado para la cita 67', '2024-02-02', 6);
INSERT INTO TRATAMIENTO (ID_CITA, DESCRIPCION, FECHA_INICIO_TRATAMIENTO, DURACION_DIAS) VALUES (68, 'Tratamiento indicado para la cita 68', '2024-03-25', 18);
INSERT INTO TRATAMIENTO (ID_CITA, DESCRIPCION, FECHA_INICIO_TRATAMIENTO, DURACION_DIAS) VALUES (69, 'Tratamiento indicado para la cita 69', '2024-02-13', 5);
INSERT INTO TRATAMIENTO (ID_CITA, DESCRIPCION, FECHA_INICIO_TRATAMIENTO, DURACION_DIAS) VALUES (70, 'Tratamiento indicado para la cita 70', '2024-02-16', 21);
INSERT INTO TRATAMIENTO (ID_CITA, DESCRIPCION, FECHA_INICIO_TRATAMIENTO, DURACION_DIAS) VALUES (72, 'Tratamiento indicado para la cita 72', '2024-01-21', 9);
INSERT INTO TRATAMIENTO (ID_CITA, DESCRIPCION, FECHA_INICIO_TRATAMIENTO, DURACION_DIAS) VALUES (73, 'Tratamiento indicado para la cita 73', '2024-03-01', 11);
INSERT INTO TRATAMIENTO (ID_CITA, DESCRIPCION, FECHA_INICIO_TRATAMIENTO, DURACION_DIAS) VALUES (74, 'Tratamiento indicado para la cita 74', '2024-02-08', 12);
INSERT INTO TRATAMIENTO (ID_CITA, DESCRIPCION, FECHA_INICIO_TRATAMIENTO, DURACION_DIAS) VALUES (75, 'Tratamiento indicado para la cita 75', '2024-02-09', 19);
INSERT INTO TRATAMIENTO (ID_CITA, DESCRIPCION, FECHA_INICIO_TRATAMIENTO, DURACION_DIAS) VALUES (77, 'Tratamiento indicado para la cita 77', '2024-01-03', 15);
INSERT INTO TRATAMIENTO (ID_CITA, DESCRIPCION, FECHA_INICIO_TRATAMIENTO, DURACION_DIAS) VALUES (78, 'Tratamiento indicado para la cita 78', '2024-02-05', 17);
INSERT INTO TRATAMIENTO (ID_CITA, DESCRIPCION, FECHA_INICIO_TRATAMIENTO, DURACION_DIAS) VALUES (80, 'Tratamiento indicado para la cita 80', '2024-02-20', 17);

-- INSERTS TRATAMIENTO_MEDICAMENTO
INSERT INTO TRATAMIENTO_MEDICAMENTO (ID_TRATAMIENTO, ID_MEDICAMENTO, DOSIS, FRECUENCIA, DURACION) VALUES (1, 16, '1 tableta', 'cada 8 horas', 9);
INSERT INTO TRATAMIENTO_MEDICAMENTO (ID_TRATAMIENTO, ID_MEDICAMENTO, DOSIS, FRECUENCIA, DURACION) VALUES (1, 54, '1 cápsula', 'cada 8 horas', 8);
INSERT INTO TRATAMIENTO_MEDICAMENTO (ID_TRATAMIENTO, ID_MEDICAMENTO, DOSIS, FRECUENCIA, DURACION) VALUES (2, 63, '5 ml', 'cada 12 horas', 6);
INSERT INTO TRATAMIENTO_MEDICAMENTO (ID_TRATAMIENTO, ID_MEDICAMENTO, DOSIS, FRECUENCIA, DURACION) VALUES (2, 62, '10 gotas', 'cada 8 horas', 5);
INSERT INTO TRATAMIENTO_MEDICAMENTO (ID_TRATAMIENTO, ID_MEDICAMENTO, DOSIS, FRECUENCIA, DURACION) VALUES (3, 61, '10 gotas', 'cada 8 horas', 1);
INSERT INTO TRATAMIENTO_MEDICAMENTO (ID_TRATAMIENTO, ID_MEDICAMENTO, DOSIS, FRECUENCIA, DURACION) VALUES (3, 51, '1 tableta', 'cada 12 horas', 3);
INSERT INTO TRATAMIENTO_MEDICAMENTO (ID_TRATAMIENTO, ID_MEDICAMENTO, DOSIS, FRECUENCIA, DURACION) VALUES (4, 28, '1 tableta', 'cada 12 horas', 16);
INSERT INTO TRATAMIENTO_MEDICAMENTO (ID_TRATAMIENTO, ID_MEDICAMENTO, DOSIS, FRECUENCIA, DURACION) VALUES (4, 40, '10 gotas', 'cada 8 horas', 16);
INSERT INTO TRATAMIENTO_MEDICAMENTO (ID_TRATAMIENTO, ID_MEDICAMENTO, DOSIS, FRECUENCIA, DURACION) VALUES (5, 64, '1 cápsula', 'cada 12 horas', 7);
INSERT INTO TRATAMIENTO_MEDICAMENTO (ID_TRATAMIENTO, ID_MEDICAMENTO, DOSIS, FRECUENCIA, DURACION) VALUES (5, 92, '1 tableta', 'cada 12 horas', 3);
INSERT INTO TRATAMIENTO_MEDICAMENTO (ID_TRATAMIENTO, ID_MEDICAMENTO, DOSIS, FRECUENCIA, DURACION) VALUES (6, 32, '5 ml', 'cada 8 horas', 4);
INSERT INTO TRATAMIENTO_MEDICAMENTO (ID_TRATAMIENTO, ID_MEDICAMENTO, DOSIS, FRECUENCIA, DURACION) VALUES (6, 85, '5 ml', 'cada 8 horas', 3);
INSERT INTO TRATAMIENTO_MEDICAMENTO (ID_TRATAMIENTO, ID_MEDICAMENTO, DOSIS, FRECUENCIA, DURACION) VALUES (7, 85, '1 cápsula', 'cada 8 horas', 20);
INSERT INTO TRATAMIENTO_MEDICAMENTO (ID_TRATAMIENTO, ID_MEDICAMENTO, DOSIS, FRECUENCIA, DURACION) VALUES (7, 77, '10 gotas', 'cada 8 horas', 12);
INSERT INTO TRATAMIENTO_MEDICAMENTO (ID_TRATAMIENTO, ID_MEDICAMENTO, DOSIS, FRECUENCIA, DURACION) VALUES (8, 5, '1 tableta', 'cada 24 horas', 2);
INSERT INTO TRATAMIENTO_MEDICAMENTO (ID_TRATAMIENTO, ID_MEDICAMENTO, DOSIS, FRECUENCIA, DURACION) VALUES (8, 70, '1 tableta', 'cada 8 horas', 14);
INSERT INTO TRATAMIENTO_MEDICAMENTO (ID_TRATAMIENTO, ID_MEDICAMENTO, DOSIS, FRECUENCIA, DURACION) VALUES (9, 30, '10 gotas', 'cada 8 horas', 13);
INSERT INTO TRATAMIENTO_MEDICAMENTO (ID_TRATAMIENTO, ID_MEDICAMENTO, DOSIS, FRECUENCIA, DURACION) VALUES (9, 32, '1 cápsula', 'cada 24 horas', 2);
INSERT INTO TRATAMIENTO_MEDICAMENTO (ID_TRATAMIENTO, ID_MEDICAMENTO, DOSIS, FRECUENCIA, DURACION) VALUES (10, 61, '5 ml', 'cada 24 horas', 4);
INSERT INTO TRATAMIENTO_MEDICAMENTO (ID_TRATAMIENTO, ID_MEDICAMENTO, DOSIS, FRECUENCIA, DURACION) VALUES (10, 80, '1 tableta', 'cada 8 horas', 6);
INSERT INTO TRATAMIENTO_MEDICAMENTO (ID_TRATAMIENTO, ID_MEDICAMENTO, DOSIS, FRECUENCIA, DURACION) VALUES (11, 20, '1 cápsula', 'cada 24 horas', 3);
INSERT INTO TRATAMIENTO_MEDICAMENTO (ID_TRATAMIENTO, ID_MEDICAMENTO, DOSIS, FRECUENCIA, DURACION) VALUES (11, 22, '1 tableta', 'cada 8 horas', 7);
INSERT INTO TRATAMIENTO_MEDICAMENTO (ID_TRATAMIENTO, ID_MEDICAMENTO, DOSIS, FRECUENCIA, DURACION) VALUES (12, 49, '1 tableta', 'cada 24 horas', 1);
INSERT INTO TRATAMIENTO_MEDICAMENTO (ID_TRATAMIENTO, ID_MEDICAMENTO, DOSIS, FRECUENCIA, DURACION) VALUES (12, 26, '1 tableta', 'cada 8 horas', 3);
INSERT INTO TRATAMIENTO_MEDICAMENTO (ID_TRATAMIENTO, ID_MEDICAMENTO, DOSIS, FRECUENCIA, DURACION) VALUES (13, 9, '5 ml', 'cada 12 horas', 5);
INSERT INTO TRATAMIENTO_MEDICAMENTO (ID_TRATAMIENTO, ID_MEDICAMENTO, DOSIS, FRECUENCIA, DURACION) VALUES (13, 52, '5 ml', 'cada 8 horas', 4);
INSERT INTO TRATAMIENTO_MEDICAMENTO (ID_TRATAMIENTO, ID_MEDICAMENTO, DOSIS, FRECUENCIA, DURACION) VALUES (14, 65, '10 gotas', 'cada 24 horas', 10);
INSERT INTO TRATAMIENTO_MEDICAMENTO (ID_TRATAMIENTO, ID_MEDICAMENTO, DOSIS, FRECUENCIA, DURACION) VALUES (14, 48, '10 gotas', 'cada 12 horas', 13);
INSERT INTO TRATAMIENTO_MEDICAMENTO (ID_TRATAMIENTO, ID_MEDICAMENTO, DOSIS, FRECUENCIA, DURACION) VALUES (15, 93, '10 gotas', 'cada 24 horas', 15);
INSERT INTO TRATAMIENTO_MEDICAMENTO (ID_TRATAMIENTO, ID_MEDICAMENTO, DOSIS, FRECUENCIA, DURACION) VALUES (15, 43, '1 cápsula', 'cada 24 horas', 16);
INSERT INTO TRATAMIENTO_MEDICAMENTO (ID_TRATAMIENTO, ID_MEDICAMENTO, DOSIS, FRECUENCIA, DURACION) VALUES (16, 16, '10 gotas', 'cada 12 horas', 3);
INSERT INTO TRATAMIENTO_MEDICAMENTO (ID_TRATAMIENTO, ID_MEDICAMENTO, DOSIS, FRECUENCIA, DURACION) VALUES (16, 46, '5 ml', 'cada 12 horas', 15);
INSERT INTO TRATAMIENTO_MEDICAMENTO (ID_TRATAMIENTO, ID_MEDICAMENTO, DOSIS, FRECUENCIA, DURACION) VALUES (17, 17, '1 cápsula', 'cada 8 horas', 7);
INSERT INTO TRATAMIENTO_MEDICAMENTO (ID_TRATAMIENTO, ID_MEDICAMENTO, DOSIS, FRECUENCIA, DURACION) VALUES (17, 91, '1 cápsula', 'cada 12 horas', 4);
INSERT INTO TRATAMIENTO_MEDICAMENTO (ID_TRATAMIENTO, ID_MEDICAMENTO, DOSIS, FRECUENCIA, DURACION) VALUES (18, 16, '5 ml', 'cada 12 horas', 4);
INSERT INTO TRATAMIENTO_MEDICAMENTO (ID_TRATAMIENTO, ID_MEDICAMENTO, DOSIS, FRECUENCIA, DURACION) VALUES (18, 62, '10 gotas', 'cada 24 horas', 5);
INSERT INTO TRATAMIENTO_MEDICAMENTO (ID_TRATAMIENTO, ID_MEDICAMENTO, DOSIS, FRECUENCIA, DURACION) VALUES (19, 33, '1 tableta', 'cada 12 horas', 9);
INSERT INTO TRATAMIENTO_MEDICAMENTO (ID_TRATAMIENTO, ID_MEDICAMENTO, DOSIS, FRECUENCIA, DURACION) VALUES (19, 49, '10 gotas', 'cada 24 horas', 10);
INSERT INTO TRATAMIENTO_MEDICAMENTO (ID_TRATAMIENTO, ID_MEDICAMENTO, DOSIS, FRECUENCIA, DURACION) VALUES (20, 63, '1 tableta', 'cada 8 horas', 10);
INSERT INTO TRATAMIENTO_MEDICAMENTO (ID_TRATAMIENTO, ID_MEDICAMENTO, DOSIS, FRECUENCIA, DURACION) VALUES (20, 42, '1 tableta', 'cada 24 horas', 10);
INSERT INTO TRATAMIENTO_MEDICAMENTO (ID_TRATAMIENTO, ID_MEDICAMENTO, DOSIS, FRECUENCIA, DURACION) VALUES (21, 2, '10 gotas', 'cada 8 horas', 3);
INSERT INTO TRATAMIENTO_MEDICAMENTO (ID_TRATAMIENTO, ID_MEDICAMENTO, DOSIS, FRECUENCIA, DURACION) VALUES (21, 49, '10 gotas', 'cada 24 horas', 3);
INSERT INTO TRATAMIENTO_MEDICAMENTO (ID_TRATAMIENTO, ID_MEDICAMENTO, DOSIS, FRECUENCIA, DURACION) VALUES (22, 83, '1 cápsula', 'cada 8 horas', 2);
INSERT INTO TRATAMIENTO_MEDICAMENTO (ID_TRATAMIENTO, ID_MEDICAMENTO, DOSIS, FRECUENCIA, DURACION) VALUES (22, 46, '1 cápsula', 'cada 24 horas', 10);
INSERT INTO TRATAMIENTO_MEDICAMENTO (ID_TRATAMIENTO, ID_MEDICAMENTO, DOSIS, FRECUENCIA, DURACION) VALUES (23, 69, '10 gotas', 'cada 8 horas', 4);
INSERT INTO TRATAMIENTO_MEDICAMENTO (ID_TRATAMIENTO, ID_MEDICAMENTO, DOSIS, FRECUENCIA, DURACION) VALUES (23, 62, '1 tableta', 'cada 24 horas', 2);
INSERT INTO TRATAMIENTO_MEDICAMENTO (ID_TRATAMIENTO, ID_MEDICAMENTO, DOSIS, FRECUENCIA, DURACION) VALUES (24, 27, '5 ml', 'cada 24 horas', 14);
INSERT INTO TRATAMIENTO_MEDICAMENTO (ID_TRATAMIENTO, ID_MEDICAMENTO, DOSIS, FRECUENCIA, DURACION) VALUES (24, 47, '1 cápsula', 'cada 24 horas', 9);
INSERT INTO TRATAMIENTO_MEDICAMENTO (ID_TRATAMIENTO, ID_MEDICAMENTO, DOSIS, FRECUENCIA, DURACION) VALUES (25, 6, '10 gotas', 'cada 12 horas', 14);
INSERT INTO TRATAMIENTO_MEDICAMENTO (ID_TRATAMIENTO, ID_MEDICAMENTO, DOSIS, FRECUENCIA, DURACION) VALUES (25, 53, '5 ml', 'cada 8 horas', 12);
INSERT INTO TRATAMIENTO_MEDICAMENTO (ID_TRATAMIENTO, ID_MEDICAMENTO, DOSIS, FRECUENCIA, DURACION) VALUES (26, 4, '5 ml', 'cada 8 horas', 8);
INSERT INTO TRATAMIENTO_MEDICAMENTO (ID_TRATAMIENTO, ID_MEDICAMENTO, DOSIS, FRECUENCIA, DURACION) VALUES (26, 87, '10 gotas', 'cada 8 horas', 14);
INSERT INTO TRATAMIENTO_MEDICAMENTO (ID_TRATAMIENTO, ID_MEDICAMENTO, DOSIS, FRECUENCIA, DURACION) VALUES (27, 81, '1 tableta', 'cada 24 horas', 5);
INSERT INTO TRATAMIENTO_MEDICAMENTO (ID_TRATAMIENTO, ID_MEDICAMENTO, DOSIS, FRECUENCIA, DURACION) VALUES (27, 91, '1 cápsula', 'cada 8 horas', 11);
INSERT INTO TRATAMIENTO_MEDICAMENTO (ID_TRATAMIENTO, ID_MEDICAMENTO, DOSIS, FRECUENCIA, DURACION) VALUES (28, 43, '1 tableta', 'cada 24 horas', 5);
INSERT INTO TRATAMIENTO_MEDICAMENTO (ID_TRATAMIENTO, ID_MEDICAMENTO, DOSIS, FRECUENCIA, DURACION) VALUES (28, 68, '1 tableta', 'cada 24 horas', 4);
INSERT INTO TRATAMIENTO_MEDICAMENTO (ID_TRATAMIENTO, ID_MEDICAMENTO, DOSIS, FRECUENCIA, DURACION) VALUES (29, 70, '10 gotas', 'cada 8 horas', 16);
INSERT INTO TRATAMIENTO_MEDICAMENTO (ID_TRATAMIENTO, ID_MEDICAMENTO, DOSIS, FRECUENCIA, DURACION) VALUES (29, 2, '1 cápsula', 'cada 24 horas', 7);
INSERT INTO TRATAMIENTO_MEDICAMENTO (ID_TRATAMIENTO, ID_MEDICAMENTO, DOSIS, FRECUENCIA, DURACION) VALUES (30, 66, '1 cápsula', 'cada 8 horas', 1);
INSERT INTO TRATAMIENTO_MEDICAMENTO (ID_TRATAMIENTO, ID_MEDICAMENTO, DOSIS, FRECUENCIA, DURACION) VALUES (30, 91, '1 tableta', 'cada 8 horas', 6);
INSERT INTO TRATAMIENTO_MEDICAMENTO (ID_TRATAMIENTO, ID_MEDICAMENTO, DOSIS, FRECUENCIA, DURACION) VALUES (31, 33, '5 ml', 'cada 8 horas', 5);
INSERT INTO TRATAMIENTO_MEDICAMENTO (ID_TRATAMIENTO, ID_MEDICAMENTO, DOSIS, FRECUENCIA, DURACION) VALUES (31, 22, '5 ml', 'cada 12 horas', 5);
INSERT INTO TRATAMIENTO_MEDICAMENTO (ID_TRATAMIENTO, ID_MEDICAMENTO, DOSIS, FRECUENCIA, DURACION) VALUES (32, 28, '5 ml', 'cada 12 horas', 14);
INSERT INTO TRATAMIENTO_MEDICAMENTO (ID_TRATAMIENTO, ID_MEDICAMENTO, DOSIS, FRECUENCIA, DURACION) VALUES (32, 69, '5 ml', 'cada 12 horas', 16);
INSERT INTO TRATAMIENTO_MEDICAMENTO (ID_TRATAMIENTO, ID_MEDICAMENTO, DOSIS, FRECUENCIA, DURACION) VALUES (33, 45, '5 ml', 'cada 12 horas', 20);
INSERT INTO TRATAMIENTO_MEDICAMENTO (ID_TRATAMIENTO, ID_MEDICAMENTO, DOSIS, FRECUENCIA, DURACION) VALUES (33, 37, '1 tableta', 'cada 8 horas', 14);
INSERT INTO TRATAMIENTO_MEDICAMENTO (ID_TRATAMIENTO, ID_MEDICAMENTO, DOSIS, FRECUENCIA, DURACION) VALUES (34, 15, '5 ml', 'cada 24 horas', 15);
INSERT INTO TRATAMIENTO_MEDICAMENTO (ID_TRATAMIENTO, ID_MEDICAMENTO, DOSIS, FRECUENCIA, DURACION) VALUES (34, 90, '1 tableta', 'cada 8 horas', 6);
INSERT INTO TRATAMIENTO_MEDICAMENTO (ID_TRATAMIENTO, ID_MEDICAMENTO, DOSIS, FRECUENCIA, DURACION) VALUES (35, 10, '10 gotas', 'cada 24 horas', 8);
INSERT INTO TRATAMIENTO_MEDICAMENTO (ID_TRATAMIENTO, ID_MEDICAMENTO, DOSIS, FRECUENCIA, DURACION) VALUES (35, 92, '1 tableta', 'cada 8 horas', 10);
INSERT INTO TRATAMIENTO_MEDICAMENTO (ID_TRATAMIENTO, ID_MEDICAMENTO, DOSIS, FRECUENCIA, DURACION) VALUES (36, 16, '5 ml', 'cada 8 horas', 5);
INSERT INTO TRATAMIENTO_MEDICAMENTO (ID_TRATAMIENTO, ID_MEDICAMENTO, DOSIS, FRECUENCIA, DURACION) VALUES (36, 27, '10 gotas', 'cada 12 horas', 5);
INSERT INTO TRATAMIENTO_MEDICAMENTO (ID_TRATAMIENTO, ID_MEDICAMENTO, DOSIS, FRECUENCIA, DURACION) VALUES (37, 81, '5 ml', 'cada 12 horas', 7);
INSERT INTO TRATAMIENTO_MEDICAMENTO (ID_TRATAMIENTO, ID_MEDICAMENTO, DOSIS, FRECUENCIA, DURACION) VALUES (37, 47, '1 tableta', 'cada 8 horas', 13);
INSERT INTO TRATAMIENTO_MEDICAMENTO (ID_TRATAMIENTO, ID_MEDICAMENTO, DOSIS, FRECUENCIA, DURACION) VALUES (38, 52, '10 gotas', 'cada 8 horas', 4);
INSERT INTO TRATAMIENTO_MEDICAMENTO (ID_TRATAMIENTO, ID_MEDICAMENTO, DOSIS, FRECUENCIA, DURACION) VALUES (38, 77, '10 gotas', 'cada 8 horas', 2);
INSERT INTO TRATAMIENTO_MEDICAMENTO (ID_TRATAMIENTO, ID_MEDICAMENTO, DOSIS, FRECUENCIA, DURACION) VALUES (39, 55, '5 ml', 'cada 24 horas', 2);
INSERT INTO TRATAMIENTO_MEDICAMENTO (ID_TRATAMIENTO, ID_MEDICAMENTO, DOSIS, FRECUENCIA, DURACION) VALUES (39, 75, '1 tableta', 'cada 8 horas', 13);
INSERT INTO TRATAMIENTO_MEDICAMENTO (ID_TRATAMIENTO, ID_MEDICAMENTO, DOSIS, FRECUENCIA, DURACION) VALUES (40, 63, '1 tableta', 'cada 12 horas', 6);
INSERT INTO TRATAMIENTO_MEDICAMENTO (ID_TRATAMIENTO, ID_MEDICAMENTO, DOSIS, FRECUENCIA, DURACION) VALUES (40, 13, '5 ml', 'cada 12 horas', 5);
INSERT INTO TRATAMIENTO_MEDICAMENTO (ID_TRATAMIENTO, ID_MEDICAMENTO, DOSIS, FRECUENCIA, DURACION) VALUES (41, 33, '5 ml', 'cada 12 horas', 1);
INSERT INTO TRATAMIENTO_MEDICAMENTO (ID_TRATAMIENTO, ID_MEDICAMENTO, DOSIS, FRECUENCIA, DURACION) VALUES (41, 59, '10 gotas', 'cada 24 horas', 6);
INSERT INTO TRATAMIENTO_MEDICAMENTO (ID_TRATAMIENTO, ID_MEDICAMENTO, DOSIS, FRECUENCIA, DURACION) VALUES (42, 70, '10 gotas', 'cada 8 horas', 4);
INSERT INTO TRATAMIENTO_MEDICAMENTO (ID_TRATAMIENTO, ID_MEDICAMENTO, DOSIS, FRECUENCIA, DURACION) VALUES (42, 42, '1 cápsula', 'cada 24 horas', 2);
INSERT INTO TRATAMIENTO_MEDICAMENTO (ID_TRATAMIENTO, ID_MEDICAMENTO, DOSIS, FRECUENCIA, DURACION) VALUES (43, 14, '1 cápsula', 'cada 24 horas', 18);
INSERT INTO TRATAMIENTO_MEDICAMENTO (ID_TRATAMIENTO, ID_MEDICAMENTO, DOSIS, FRECUENCIA, DURACION) VALUES (43, 97, '10 gotas', 'cada 12 horas', 12);
INSERT INTO TRATAMIENTO_MEDICAMENTO (ID_TRATAMIENTO, ID_MEDICAMENTO, DOSIS, FRECUENCIA, DURACION) VALUES (44, 22, '1 cápsula', 'cada 24 horas', 7);
INSERT INTO TRATAMIENTO_MEDICAMENTO (ID_TRATAMIENTO, ID_MEDICAMENTO, DOSIS, FRECUENCIA, DURACION) VALUES (44, 59, '1 tableta', 'cada 8 horas', 4);
INSERT INTO TRATAMIENTO_MEDICAMENTO (ID_TRATAMIENTO, ID_MEDICAMENTO, DOSIS, FRECUENCIA, DURACION) VALUES (45, 7, '1 cápsula', 'cada 12 horas', 2);
INSERT INTO TRATAMIENTO_MEDICAMENTO (ID_TRATAMIENTO, ID_MEDICAMENTO, DOSIS, FRECUENCIA, DURACION) VALUES (45, 19, '10 gotas', 'cada 8 horas', 7);
INSERT INTO TRATAMIENTO_MEDICAMENTO (ID_TRATAMIENTO, ID_MEDICAMENTO, DOSIS, FRECUENCIA, DURACION) VALUES (46, 22, '5 ml', 'cada 8 horas', 6);
INSERT INTO TRATAMIENTO_MEDICAMENTO (ID_TRATAMIENTO, ID_MEDICAMENTO, DOSIS, FRECUENCIA, DURACION) VALUES (46, 77, '1 cápsula', 'cada 12 horas', 5);
INSERT INTO TRATAMIENTO_MEDICAMENTO (ID_TRATAMIENTO, ID_MEDICAMENTO, DOSIS, FRECUENCIA, DURACION) VALUES (47, 47, '5 ml', 'cada 8 horas', 2);
INSERT INTO TRATAMIENTO_MEDICAMENTO (ID_TRATAMIENTO, ID_MEDICAMENTO, DOSIS, FRECUENCIA, DURACION) VALUES (47, 54, '5 ml', 'cada 8 horas', 18);
INSERT INTO TRATAMIENTO_MEDICAMENTO (ID_TRATAMIENTO, ID_MEDICAMENTO, DOSIS, FRECUENCIA, DURACION) VALUES (48, 29, '1 tableta', 'cada 8 horas', 12);
INSERT INTO TRATAMIENTO_MEDICAMENTO (ID_TRATAMIENTO, ID_MEDICAMENTO, DOSIS, FRECUENCIA, DURACION) VALUES (48, 27, '10 gotas', 'cada 12 horas', 1);
INSERT INTO TRATAMIENTO_MEDICAMENTO (ID_TRATAMIENTO, ID_MEDICAMENTO, DOSIS, FRECUENCIA, DURACION) VALUES (49, 19, '5 ml', 'cada 8 horas', 16);
INSERT INTO TRATAMIENTO_MEDICAMENTO (ID_TRATAMIENTO, ID_MEDICAMENTO, DOSIS, FRECUENCIA, DURACION) VALUES (49, 1, '1 cápsula', 'cada 24 horas', 12);
INSERT INTO TRATAMIENTO_MEDICAMENTO (ID_TRATAMIENTO, ID_MEDICAMENTO, DOSIS, FRECUENCIA, DURACION) VALUES (50, 9, '1 cápsula', 'cada 12 horas', 13);
INSERT INTO TRATAMIENTO_MEDICAMENTO (ID_TRATAMIENTO, ID_MEDICAMENTO, DOSIS, FRECUENCIA, DURACION) VALUES (50, 89, '5 ml', 'cada 12 horas', 13);
INSERT INTO TRATAMIENTO_MEDICAMENTO (ID_TRATAMIENTO, ID_MEDICAMENTO, DOSIS, FRECUENCIA, DURACION) VALUES (39, 92, '10 gotas', 'cada 8 horas', 7);
INSERT INTO TRATAMIENTO_MEDICAMENTO (ID_TRATAMIENTO, ID_MEDICAMENTO, DOSIS, FRECUENCIA, DURACION) VALUES (36, 55, '10 gotas', 'cada 24 horas', 1);
INSERT INTO TRATAMIENTO_MEDICAMENTO (ID_TRATAMIENTO, ID_MEDICAMENTO, DOSIS, FRECUENCIA, DURACION) VALUES (18, 13, '1 cápsula', 'cada 12 horas', 6);
INSERT INTO TRATAMIENTO_MEDICAMENTO (ID_TRATAMIENTO, ID_MEDICAMENTO, DOSIS, FRECUENCIA, DURACION) VALUES (45, 28, '1 tableta', 'cada 8 horas', 4);
INSERT INTO TRATAMIENTO_MEDICAMENTO (ID_TRATAMIENTO, ID_MEDICAMENTO, DOSIS, FRECUENCIA, DURACION) VALUES (38, 17, '5 ml', 'cada 24 horas', 1);
INSERT INTO TRATAMIENTO_MEDICAMENTO (ID_TRATAMIENTO, ID_MEDICAMENTO, DOSIS, FRECUENCIA, DURACION) VALUES (45, 85, '1 cápsula', 'cada 24 horas', 8);
INSERT INTO TRATAMIENTO_MEDICAMENTO (ID_TRATAMIENTO, ID_MEDICAMENTO, DOSIS, FRECUENCIA, DURACION) VALUES (46, 56, '10 gotas', 'cada 24 horas', 10);
INSERT INTO TRATAMIENTO_MEDICAMENTO (ID_TRATAMIENTO, ID_MEDICAMENTO, DOSIS, FRECUENCIA, DURACION) VALUES (22, 97, '1 tableta', 'cada 12 horas', 1);
INSERT INTO TRATAMIENTO_MEDICAMENTO (ID_TRATAMIENTO, ID_MEDICAMENTO, DOSIS, FRECUENCIA, DURACION) VALUES (23, 1, '1 cápsula', 'cada 24 horas', 5);
INSERT INTO TRATAMIENTO_MEDICAMENTO (ID_TRATAMIENTO, ID_MEDICAMENTO, DOSIS, FRECUENCIA, DURACION) VALUES (2, 2, '5 ml', 'cada 12 horas', 5);
INSERT INTO TRATAMIENTO_MEDICAMENTO (ID_TRATAMIENTO, ID_MEDICAMENTO, DOSIS, FRECUENCIA, DURACION) VALUES (19, 30, '1 cápsula', 'cada 12 horas', 2);
INSERT INTO TRATAMIENTO_MEDICAMENTO (ID_TRATAMIENTO, ID_MEDICAMENTO, DOSIS, FRECUENCIA, DURACION) VALUES (20, 82, '10 gotas', 'cada 8 horas', 6);
INSERT INTO TRATAMIENTO_MEDICAMENTO (ID_TRATAMIENTO, ID_MEDICAMENTO, DOSIS, FRECUENCIA, DURACION) VALUES (33, 95, '5 ml', 'cada 24 horas', 16);
INSERT INTO TRATAMIENTO_MEDICAMENTO (ID_TRATAMIENTO, ID_MEDICAMENTO, DOSIS, FRECUENCIA, DURACION) VALUES (2, 17, '5 ml', 'cada 12 horas', 6);
INSERT INTO TRATAMIENTO_MEDICAMENTO (ID_TRATAMIENTO, ID_MEDICAMENTO, DOSIS, FRECUENCIA, DURACION) VALUES (12, 1, '1 tableta', 'cada 8 horas', 1);
INSERT INTO TRATAMIENTO_MEDICAMENTO (ID_TRATAMIENTO, ID_MEDICAMENTO, DOSIS, FRECUENCIA, DURACION) VALUES (14, 36, '1 cápsula', 'cada 24 horas', 7);
INSERT INTO TRATAMIENTO_MEDICAMENTO (ID_TRATAMIENTO, ID_MEDICAMENTO, DOSIS, FRECUENCIA, DURACION) VALUES (19, 31, '10 gotas', 'cada 8 horas', 8);
INSERT INTO TRATAMIENTO_MEDICAMENTO (ID_TRATAMIENTO, ID_MEDICAMENTO, DOSIS, FRECUENCIA, DURACION) VALUES (41, 3, '1 cápsula', 'cada 12 horas', 5);
INSERT INTO TRATAMIENTO_MEDICAMENTO (ID_TRATAMIENTO, ID_MEDICAMENTO, DOSIS, FRECUENCIA, DURACION) VALUES (29, 89, '1 tableta', 'cada 24 horas', 3);
INSERT INTO TRATAMIENTO_MEDICAMENTO (ID_TRATAMIENTO, ID_MEDICAMENTO, DOSIS, FRECUENCIA, DURACION) VALUES (7, 36, '1 cápsula', 'cada 12 horas', 10);